# MySQL dump 8.16
#
# Host: localhost    Database: cleanWebROD
#--------------------------------------------------------
# Server version	3.23.43

#
# Table structure for table 'T_ACTIVITY'
#

DROP TABLE IF EXISTS T_ACTIVITY;
CREATE TABLE T_ACTIVITY (
  PK_RA_ID int(10) unsigned NOT NULL auto_increment,
  FK_RO_ID int(10) unsigned NOT NULL default '0',
  FK_SOURCE_ID int(10) unsigned NOT NULL default '0',
  VALID_SINCE date default NULL,
  TITLE varchar(255) NOT NULL default '',
  FORMAT_NAME varchar(100) default NULL,
  REPORT_FORMAT_URL varchar(100) default NULL,
  REPORT_FREQ_DETAIL varchar(50) default NULL,
  REPORTING_FORMAT text,
  NEXT_REPORTING varchar(255) default NULL,
  LAST_UPDATE timestamp(14) NOT NULL,
  TERMINATE enum('Y','N') NOT NULL default 'N',
  REPORT_FREQ varchar(25) default NULL,
  COMMENT text,
  PRIMARY KEY  (PK_RA_ID),
  KEY FK_REPORTING_ID (FK_RO_ID)
) TYPE=MyISAM COMMENT='Reporting Activity';

#
# Dumping data for table 'T_ACTIVITY'
#

LOCK TABLES T_ACTIVITY WRITE;
INSERT INTO T_ACTIVITY VALUES (8,165,142,NULL,'Yearly report to the Basel Convention','Transmission of Information questionnaire','','31 December','Questionnaire \"Transmission of Information\" (in accordance with Articles 13 & 16 of the Basel Convention). MS Word text document and MS Excel document (altogether 9 tables).','31/12/2001, 31/12/2002, 31/12/2003',20020115163425,'N','annually','The Convention\'s secretariat provides the parties to the Convention with prefilled questionnaires. The main request for reporting concerns the amount of different genrarated wastes and the export of them to other countries. The list of paramaterers above is not a complete list and should be regarded as indicative. For full details please consult the appropriate questionnare.'),(9,166,500,'2001-11-27','Emission report from large combutions plants','Annex VIII to the Directive 2001/80/EC','http://europa.eu.int/eur-lex/en/lif/dat/2001/en_301L0080.html','','To be reported in a convieniently aggregated form.','30/09/2002, 30/09/2003, 30/09/2004',20020108125840,'N','annually','The reporting shall include an emission inentory which shows refineries separately. It shall also state amounts of different fuel inputs.'),(10,167,500,'1988-12-07','Report on the implememtation of the reduction programme','','http://europa.eu.int/eur-lex/en/lif/dat/2001/en_301L0080.html','','Written text with a list of combustion plants, table of emissions of SO2 and NOx, and a specified list of administrative methods undertaken. Referece: Article 15 of Directive 2001/80/EC.','',20020108102512,'N','','Written summary report shall be forwarded to the Commission on the results of the implementatio of the programmes. An intermediate report is required as well in the middle of each reduction phase.'),(11,168,500,NULL,'National communication of the emissions reduction plan','','','Single report','Written report. Guidelines for reporting will be prepared by the Comission before 27/11/2002.','27/11/2003',20020108130244,'N','',''),(12,168,500,'2001-11-27','Forwarding information to the Commission on the incorporation of the Directive into national legislation','','','Single report','Written report','27/11/2002',20020108130331,'N','','Article 18 of the Directive 2001/80/EC'),(13,169,501,'1999-05-01','Yearly Emissions Report','Articles 2 and 3 of Decision 1999/296/EC','http://europa.eu.int/eur-lex/en/lif/dat/1999/en_399D0296.html','','IPCC and UNFCCC','31/12/2002, 31/12/2003, 31/12/2004',20020108164229,'N','annually','CO2 emissions and CO2 sinks shall be reported 31 December each year for the previous calendar year. Other greenhouse gases shall also be reported by the 31 December each year: final data for the previous year but one and provisional data for the previous year.'),(14,170,499,NULL,'Permission to access to marine data, ME-1','','http://eea.eionet.eu.int:8980/Members/irc/eionet-circle/nfp-eionet/library?l=/nfp_eionet_group/2001_','','','31/12/2001',20020111120055,'N','annually',''),(15,170,499,NULL,'CLRTAP Data','CRF ?','','','SO2, NOx, CO, NMVOC, NH3','31/01/2002',20020115172504,'N','annually','Countries are asked to supply EEA with a copy of their national submission under the Convention on Long Range Transboundary Pollution (CLRTAP)'),(16,170,499,NULL,'UNFCCC/GHG Data','http://unfccc.int/resource/docs/cop5/07.pdf','http://unfccc.int/resource/docs/cop5/07.pdf','31 December','','31/12/2001',20020111122824,'N','annually',''),(17,128,187,NULL,'Pollution Load Compilation 4, PLC4','Part C, Table 10, Riverine input','http://www.helcom.fi/plc/plcc.pdf','Single report','Templates in pdf are available at the website of HELCOM secretariat.','31/12/2001',20020114123903,'N','','Measurments of river flow shall accompany the measured parameters.'),(18,128,187,NULL,'MONAS National implementation report','','','Single report','Text','31/05/2002',20020111170512,'N','',''),(19,128,187,NULL,'MONAS yearly monitoring report, on hydrgraphic and hydrochemical data','Combine Manual','http://www.helcom.fi/combine_manual/c.html','1 st of May','In the Manual for Marine Monitoring in the COMBINE Programme of HELCOM there is a detailed schema in the COMBINE Manual Part C for sampling of which parameters, where and by whom. Different countries have different obligations in the common programme. This means that the reporting obligations can differ between countries.','01/05/2002, 01/05/2003, 01/05/2004',20020114154446,'N','annually','Data should be submitted to the Secretariat the year after sampling. The deadline for the submission of data to the Secretariat is 1 May for hydrographic and hydrochemical data. Sampling, analysis and evaluation are made both for the open sea and shallow areas and includes dissolved substances, phyto- and zooplankton and benthos. Also sedimantation parameters are measured. For a complete view of all requested parameters please consult the COMBINE manual.'),(20,128,187,NULL,'MONAS yearly monitoring report, on biological data and harmful substances','Combine Manual','http://www.helcom.fi/combine_manual/d.html','1st of September','In the Manual for Marine Monitoring in the COMBINE Programme of HELCOM, Part D, is a detailed plan of sampling and analysing scheme at hand. Under this reporting activity are listed most of the parameters required to report at specified stations in the manual. Every country has a special part of the programme and the reporting my thus differ from country to country. The parameters are measured both in open water and in selected organs and parts in selected biological species belonging to the groups mentioned in the parameter list.','01/09/2002, 01/09/2003, 01/09/2004',20020114151425,'N','annually','Data should be submitted to the Secretariat the year after sampling. The deadline for the submission of data to the Secretariat is 1 May for hydrographic and hydrochemical data and 1 September for biological data and harmful substances.\r\n\r\nFor exact specifications of parameters and sampling media please refere to the COMBINE manual.');
UNLOCK TABLES;

#
# Table structure for table 'T_INFORMATION'
#

DROP TABLE IF EXISTS T_INFORMATION;
CREATE TABLE T_INFORMATION (
  PK_INFORMATION_ID int(11) NOT NULL default '0',
  FK_RO_ID int(11) NOT NULL default '0',
  INFORMATION_NAME text NOT NULL,
  INFORMATION_TYPE char(3) NOT NULL default '0',
  FK_GUID_CR int(11) NOT NULL default '0',
  URL_CR varchar(255) NOT NULL default '',
  PRIMARY KEY  (PK_INFORMATION_ID),
  KEY FK_RO_ID (FK_RO_ID),
  KEY INFORMATION_TYPE (INFORMATION_TYPE)
) TYPE=MyISAM COMMENT='Table containting EEAReports, NationalSubmissions, etc';

#
# Dumping data for table 'T_INFORMATION'
#

LOCK TABLES T_INFORMATION WRITE;
UNLOCK TABLES;

#
# Table structure for table 'T_ISSUE'
#

DROP TABLE IF EXISTS T_ISSUE;
CREATE TABLE T_ISSUE (
  PK_ISSUE_ID int(11) unsigned NOT NULL auto_increment,
  ISSUE_NAME varchar(100) NOT NULL default '',
  FK_DD_GUID int(11) unsigned default NULL,
  DD_URL varchar(255) default NULL,
  PRIMARY KEY  (PK_ISSUE_ID),
  KEY PK_ISSUE_ID (PK_ISSUE_ID)
) TYPE=MyISAM;

#
# Dumping data for table 'T_ISSUE'
#

LOCK TABLES T_ISSUE WRITE;
INSERT INTO T_ISSUE VALUES (1,'Climate change & global warming',NULL,NULL),(2,'Ozone layer depletion (stratospheric ozone)',NULL,NULL),(3,'Acidification',NULL,NULL),(4,'Soil degradation and Soil Pollution',NULL,NULL),(5,'Photochemical oxidants, ground level (tropospheric) ozone',NULL,NULL),(6,'Air quality and Air Pollution',NULL,NULL),(7,'Noise and Noise Pollution',NULL,NULL),(8,'Degradation and use of natural resources',NULL,NULL),(9,'Eutrophication',NULL,NULL),(10,'Pollution by metals',NULL,NULL),(11,'Pollution by toxic substances',NULL,NULL),(12,'Introduction and spread of GMO and alien species',NULL,NULL),(13,'Waste and recycling',NULL,NULL),(14,'Nature Conservation and Biodiversity loss',NULL,NULL),(15,'Water quality and Water Pollution',NULL,NULL),(16,'Urbanisation',NULL,NULL);
UNLOCK TABLES;

#
# Table structure for table 'T_ISSUE_LNK'
#

DROP TABLE IF EXISTS T_ISSUE_LNK;
CREATE TABLE T_ISSUE_LNK (
  PK_ISSUE_LNK_ID int(11) NOT NULL auto_increment,
  FK_ISSUE_ID int(11) NOT NULL default '0',
  FK_RO_ID int(11) NOT NULL default '0',
  PRIMARY KEY  (PK_ISSUE_LNK_ID),
  KEY FK_ISSUE_ID (FK_ISSUE_ID),
  KEY FK_RO_ID (FK_RO_ID)
) TYPE=MyISAM;

#
# Dumping data for table 'T_ISSUE_LNK'
#

LOCK TABLES T_ISSUE_LNK WRITE;
INSERT INTO T_ISSUE_LNK VALUES (1,6,110),(122,15,128),(3,6,161),(4,6,112),(5,6,114),(6,6,98),(7,7,109),(121,11,128),(123,13,165),(113,9,166),(120,10,128),(119,9,128),(112,6,166),(111,3,166),(118,6,167),(117,3,167),(116,9,168),(115,6,168),(114,3,168),(78,6,170),(77,15,96),(75,1,169),(74,6,169),(79,14,170),(80,15,170),(81,4,170),(82,1,170),(83,9,170),(84,5,170),(85,13,170);
UNLOCK TABLES;

#
# Table structure for table 'T_LOOKUP'
#

DROP TABLE IF EXISTS T_LOOKUP;
CREATE TABLE T_LOOKUP (
  C_TERM varchar(100) NOT NULL default '',
  CATEGORY enum('P','C','L','S','F','1','2','UT','ST') NOT NULL default 'P',
  C_VALUE char(1) default NULL,
  PRIMARY KEY  (C_TERM,CATEGORY)
) TYPE=MyISAM;

#
# Dumping data for table 'T_LOOKUP'
#

LOCK TABLES T_LOOKUP WRITE;
INSERT INTO T_LOOKUP VALUES ('Yes','1','Y'),('No','1','N'),('Legal','2','L'),('Moral','2','M'),('Normal','C',NULL),('Started','S',NULL),('Active','S',NULL),('Suspended','S',NULL),('Ended','S',NULL),('Chemicals','P','C'),('daily','F',NULL),('weekly','F',NULL),('monthly','F',NULL),('bimonthly','F',NULL),('quarterly','F',NULL),('annually','F',NULL),('never','F',NULL),('Natural lakes','ST','L'),('Seas','ST','S'),('Reservoirs','ST','O'),('River Basins','ST','R'),('Countries','ST','C'),('Species','P','S');
UNLOCK TABLES;

#
# Table structure for table 'T_PARAMETER'
#

DROP TABLE IF EXISTS T_PARAMETER;
CREATE TABLE T_PARAMETER (
  PK_PARAMETER_ID int(10) unsigned NOT NULL auto_increment,
  PARAMETER_NAME varchar(100) NOT NULL default '',
  FK_GROUP_ID int(11) NOT NULL default '0',
  FK_DD_GUID int(11) unsigned default NULL,
  DD_URL varchar(255) default NULL,
  NEW tinyint(3) unsigned NOT NULL default '1',
  PRIMARY KEY  (PK_PARAMETER_ID),
  KEY FK_GROUP_ID (FK_GROUP_ID),
  KEY PARAMETER_NAME (PARAMETER_NAME)
) TYPE=ISAM PACK_KEYS=1;

#
# Dumping data for table 'T_PARAMETER'
#

LOCK TABLES T_PARAMETER WRITE;
INSERT INTO T_PARAMETER VALUES (367,'Archaea',10,NULL,NULL,1),(368,'Bacteria',11,NULL,NULL,1),(369,'Viruses',12,NULL,NULL,1),(370,'Echinoderms',13,NULL,NULL,1),(371,'Birds',14,NULL,NULL,1),(372,'Mammals',15,NULL,NULL,1),(373,'Reptiles',16,NULL,NULL,1),(374,'Amphibians',17,NULL,NULL,1),(375,'Fish',18,NULL,NULL,1),(376,'Cnidaria (animals with sting capsules)',19,NULL,NULL,1),(377,'Molluscs',20,NULL,NULL,1),(378,'Insects',21,NULL,NULL,1),(379,'Arachnids',22,NULL,NULL,1),(380,'Algae',23,NULL,NULL,1),(381,'Fungi',24,NULL,NULL,1),(382,'Lichens',25,NULL,NULL,1),(383,'Mosses and liverworts',26,NULL,NULL,1),(384,'Ferns',27,NULL,NULL,1),(385,'Flowering plants',28,NULL,NULL,1),(478,'CN-, cyanide (ion)',4,NULL,NULL,1),(477,'N2O, nitrous oxide',4,NULL,NULL,1),(476,'TOC. Total organic carbon',8,NULL,NULL,1),(391,'Ag, silver',2,NULL,NULL,1),(392,'Al, aluminium',2,NULL,NULL,1),(393,'Ba, barium',2,NULL,NULL,1),(394,'Be, beryllium',2,NULL,NULL,1),(395,'Cd, cadmium',2,NULL,NULL,1),(396,'Cs, caesium',2,NULL,NULL,1),(397,'Cr, chromium',2,NULL,NULL,1),(398,'Cu, copper',2,NULL,NULL,1),(399,'Fe, iron',2,NULL,NULL,1),(400,'Hg, mercury',2,NULL,NULL,1),(401,'Mg, magnesium',2,NULL,NULL,1),(402,'Mn, mangan',2,NULL,NULL,1),(403,'Na, sodium',2,NULL,NULL,1),(404,'Ni, nickel',2,NULL,NULL,1),(405,'Pb, lead',2,NULL,NULL,1),(406,'Sn, tin',2,NULL,NULL,1),(407,'Sr, strontium',2,NULL,NULL,1),(408,'V, vanadin',2,NULL,NULL,1),(409,'W, tungsten',2,NULL,NULL,1),(410,'Zn, zink',2,NULL,NULL,1),(411,'As, Arsenic',3,NULL,NULL,1),(412,'Cl, Clorine',3,NULL,NULL,1),(413,'F, fluorine',3,NULL,NULL,1),(414,'N, nitrogen',3,NULL,NULL,1),(415,'O, oxygen',3,NULL,NULL,1),(416,'P, phosphorus',3,NULL,NULL,1),(417,'S, sulphur',3,NULL,NULL,1),(418,'Se, selenium',3,NULL,NULL,1),(419,'CO, carbon monoxide',4,NULL,NULL,1),(420,'CO2, carbon dioxide',4,NULL,NULL,1),(421,'H2S, hydrogen sulphide',4,NULL,NULL,1),(422,'NH3, ammonia',4,NULL,NULL,1),(423,'NH4 +, ammonium (ion)',4,NULL,NULL,1),(424,'NO2, nitrogen dioxide',4,NULL,NULL,1),(425,'NO3 2-, nitrate (ion)',4,NULL,NULL,1),(426,'NOx, Nitrogen oxides',4,NULL,NULL,1),(427,'O3, Ozone',4,NULL,NULL,1),(428,'PO4 3- phosphate (ion)',4,NULL,NULL,1),(429,'SF6, sulphur hexafluoride',4,NULL,NULL,1),(430,'SO2, sulphur dioxide',4,NULL,NULL,1),(431,'Sox, sulphur oxides',4,NULL,NULL,1),(432,'CH4, methane',5,NULL,NULL,1),(433,'aromatic compounds',5,NULL,NULL,1),(434,'C4H6, butadiene',5,NULL,NULL,1),(435,'coal',5,NULL,NULL,1),(436,'natural gas',5,NULL,NULL,1),(437,'NMVOC, non methane volatile organic compounds',5,NULL,NULL,1),(438,'mineral oil',5,NULL,NULL,1),(439,'PAH, polycyclic aromatic hydrocarbons',5,NULL,NULL,1),(440,'phenols',5,NULL,NULL,1),(441,'VOC, volatile organic compounds',5,NULL,NULL,1),(442,'brominated hydrocarbons',6,NULL,NULL,1),(443,'chlorinated hydrocarbons',6,NULL,NULL,1),(444,'chloro and brominated hydrocarbons',6,NULL,NULL,1),(445,'fluorinated hydrocarbons',6,NULL,NULL,1),(446,'dioxins, chlorinated dibenzo-p-dioxins group',6,NULL,NULL,1),(447,'DDE',6,NULL,NULL,1),(448,'DDT',6,NULL,NULL,1),(449,'halons',6,NULL,NULL,1),(450,'lindane',6,NULL,NULL,1),(451,'HCFCs, hydrochlorofluorocarbons',6,NULL,NULL,1),(452,'HBFCs, hydrobromofluorocarbons',6,NULL,NULL,1),(453,'HFCs, hydrofluorocarbons',6,NULL,NULL,1),(454,'PFCs, perfluorocarbons',6,NULL,NULL,1),(455,'PCBs, polychloronated biphenyls',6,NULL,NULL,1),(456,'VCM (vinyl chloride monomer)',6,NULL,NULL,1),(457,'methyl mercury',7,NULL,NULL,1),(458,'TBTO, tributyltin oxide',7,NULL,NULL,1),(459,'AOX, absorbable organic halogen',8,NULL,NULL,1),(460,'Biological measurements and indexes',8,NULL,NULL,1),(461,'BOD, biological oxygen demand',8,NULL,NULL,1),(462,'Chlorophyll a',8,NULL,NULL,1),(463,'COD, chemical oxygen demand',8,NULL,NULL,1),(464,'PM, particulate matter, smoke',8,NULL,NULL,1),(465,'Turbidity, visibility',8,NULL,NULL,1),(466,'Fertilizers',9,NULL,NULL,1),(467,'Flame retardants',9,NULL,NULL,1),(468,'Greenhouse gases',9,NULL,NULL,1),(469,'Hazardous substances',9,NULL,NULL,1),(470,'Heavy metals',9,NULL,NULL,1),(471,'Pesticides',9,NULL,NULL,1),(472,'furans',5,NULL,NULL,1),(473,'CFCs, Chlorofluorocarbons',6,NULL,NULL,1),(474,'POPs, persistent organic pollutants',9,NULL,NULL,1),(475,'Radionucleids',29,NULL,NULL,1),(479,'CFCs, Chlorofluorocarbons',6,NULL,NULL,1),(480,'Hazardous waste',9,NULL,NULL,1);
UNLOCK TABLES;

#
# Table structure for table 'T_PARAMETER_LNK'
#

DROP TABLE IF EXISTS T_PARAMETER_LNK;
CREATE TABLE T_PARAMETER_LNK (
  PK_PARAMETER_LNK_ID int(10) unsigned NOT NULL auto_increment,
  FK_PARAMETER_ID int(10) unsigned NOT NULL default '0',
  PARAMETER_UNIT varchar(50) default NULL,
  FK_RA_ID int(10) unsigned NOT NULL default '0',
  FK_UNIT_ID int(11) default NULL,
  PRIMARY KEY  (PK_PARAMETER_LNK_ID),
  KEY FK_PARAMETER_ID (FK_PARAMETER_ID),
  KEY FK_RA_ID (FK_RA_ID)
) TYPE=ISAM PACK_KEYS=1;

#
# Dumping data for table 'T_PARAMETER_LNK'
#

LOCK TABLES T_PARAMETER_LNK WRITE;
INSERT INTO T_PARAMETER_LNK VALUES (145,410,NULL,8,13),(144,418,NULL,8,13),(143,440,NULL,8,13),(142,455,NULL,8,13),(141,405,NULL,8,13),(140,400,NULL,8,13),(139,446,NULL,8,13),(138,398,NULL,8,13),(137,397,NULL,8,13),(136,478,NULL,8,13),(135,443,NULL,8,13),(134,395,NULL,8,13),(133,394,NULL,8,13),(132,411,NULL,8,13),(20,430,NULL,9,13),(19,426,NULL,9,13),(17,426,NULL,10,13),(18,430,NULL,10,13),(21,464,NULL,9,13),(74,429,NULL,13,13),(73,454,NULL,13,13),(72,426,NULL,13,13),(71,437,NULL,13,13),(70,453,NULL,13,13),(69,468,NULL,13,13),(68,420,NULL,13,13),(67,419,NULL,13,13),(66,432,NULL,13,13),(45,430,NULL,15,13),(46,426,NULL,15,13),(47,422,NULL,15,13),(48,419,NULL,15,13),(49,437,NULL,15,13),(50,468,NULL,16,13),(106,410,NULL,17,6),(105,476,NULL,17,6),(104,428,NULL,17,6),(103,405,NULL,17,6),(102,416,NULL,17,6),(101,425,NULL,17,6),(100,404,NULL,17,6),(99,423,NULL,17,6),(98,414,NULL,17,6),(97,438,NULL,17,6),(96,400,NULL,17,6),(95,398,NULL,17,6),(94,397,NULL,17,6),(93,395,NULL,17,6),(92,461,NULL,17,6),(75,477,NULL,13,13),(131,391,NULL,8,13),(91,459,NULL,17,6),(120,410,NULL,20,6),(119,458,NULL,20,6),(118,405,NULL,20,6),(117,439,NULL,20,6),(116,377,NULL,20,6),(115,372,NULL,20,6),(114,400,NULL,20,6),(113,375,NULL,20,6),(112,448,NULL,20,6),(111,447,NULL,20,6),(110,398,NULL,20,6),(109,443,NULL,20,6),(108,395,NULL,20,6),(107,380,NULL,20,6),(128,428,NULL,19,6),(127,416,NULL,19,6),(126,415,NULL,19,6),(125,425,NULL,19,6),(124,423,NULL,19,6),(123,414,NULL,19,6),(122,421,NULL,19,6),(121,462,NULL,19,6),(129,465,NULL,19,0),(130,380,NULL,19,0),(146,480,NULL,8,13);
UNLOCK TABLES;

#
# Table structure for table 'T_PARAM_GROUP'
#

DROP TABLE IF EXISTS T_PARAM_GROUP;
CREATE TABLE T_PARAM_GROUP (
  PK_GROUP_ID int(11) NOT NULL auto_increment,
  GROUP_NAME varchar(100) NOT NULL default '',
  FK_DD_GUID int(11) default NULL,
  DD_URL varchar(255) default NULL,
  GROUP_TYPE enum('C','S') NOT NULL default 'C',
  PRIMARY KEY  (PK_GROUP_ID),
  KEY PK_GROUP_ID (PK_GROUP_ID)
) TYPE=MyISAM COMMENT='GROUP';

#
# Dumping data for table 'T_PARAM_GROUP'
#

LOCK TABLES T_PARAM_GROUP WRITE;
INSERT INTO T_PARAM_GROUP VALUES (2,'Metals',NULL,NULL,'C'),(3,'Chemical elements (excl. metals incl. semiconductors)',NULL,NULL,'C'),(4,'Inorganic substances',NULL,NULL,'C'),(5,'Organic substances',NULL,NULL,'C'),(6,'Halogeneted Hydrocarbons',NULL,NULL,'C'),(7,'Organo metallic compounds',NULL,NULL,'C'),(8,'Pollution indicative determinants',NULL,NULL,'C'),(9,'Unspecific groups',NULL,NULL,'C'),(10,'Archaea',NULL,NULL,'S'),(11,'Bacteria',NULL,NULL,'S'),(12,'Viruses',NULL,NULL,'S'),(13,'Echinoderms',NULL,NULL,'S'),(14,'Birds',NULL,NULL,'S'),(15,'Mammals',NULL,NULL,'S'),(16,'Reptiles',NULL,NULL,'S'),(17,'Amphibians',NULL,NULL,'S'),(18,'Fish',NULL,NULL,'S'),(19,'Cnidaria (animals with sting capsules)',NULL,NULL,'S'),(20,'Molluscs',NULL,NULL,'S'),(21,'Insects',NULL,NULL,'S'),(22,'Arachnids',NULL,NULL,'S'),(23,'Algae',NULL,NULL,'S'),(24,'Fungi',NULL,NULL,'S'),(25,'Lichens',NULL,NULL,'S'),(26,'Mosses and liverworts',NULL,NULL,'S'),(27,'Ferns',NULL,NULL,'S'),(28,'Flowering plants',NULL,NULL,'S'),(29,'Radionucleids',NULL,NULL,'C');
UNLOCK TABLES;

#
# Table structure for table 'T_REPORTING'
#

DROP TABLE IF EXISTS T_REPORTING;
CREATE TABLE T_REPORTING (
  PK_RO_ID int(10) unsigned NOT NULL auto_increment,
  FK_SOURCE_ID int(10) unsigned NOT NULL default '0',
  LEGAL_MORAL enum('L','M') NOT NULL default 'L',
  LAST_UPDATE timestamp(14) NOT NULL,
  ALIAS varchar(255) default NULL,
  REPORT_TO text,
  VALID_FROM date default NULL,
  RECOGNIZED enum('Y','N') NOT NULL default 'N',
  RECOGNIZED_DETAIL varchar(255) default NULL,
  PRIMARY KEY  (PK_RO_ID),
  KEY LEGAL_MORAL (LEGAL_MORAL),
  KEY FK_SOURCE_ID (FK_SOURCE_ID)
) TYPE=ISAM PACK_KEYS=1;

#
# Dumping data for table 'T_REPORTING'
#

LOCK TABLES T_REPORTING WRITE;
INSERT INTO T_REPORTING VALUES (1,408,'M',20011204135608,'','',NULL,'N',NULL),(2,391,'M',20011204133430,'','',NULL,'N',NULL),(3,414,'L',20011214150504,'','',NULL,'N',''),(4,490,'L',20011127211155,NULL,NULL,NULL,'N',NULL),(5,436,'L',20011127211155,NULL,NULL,NULL,'N',NULL),(6,437,'L',20011127211155,NULL,NULL,NULL,'N',NULL),(7,415,'L',20011127211155,NULL,NULL,NULL,'N',NULL),(8,439,'L',20011127211155,NULL,NULL,NULL,'N',NULL),(9,438,'L',20011127211155,NULL,NULL,NULL,'N',NULL),(10,441,'L',20011127211155,NULL,NULL,NULL,'N',NULL),(11,485,'L',20011127211155,NULL,NULL,NULL,'N',NULL),(12,489,'L',20011127211155,NULL,NULL,NULL,'N',NULL),(13,379,'L',20011127211155,NULL,NULL,NULL,'N',NULL),(14,440,'L',20011127211155,NULL,NULL,NULL,'N',NULL),(15,486,'L',20011127211155,NULL,NULL,NULL,'N',NULL),(16,488,'L',20011127211155,NULL,NULL,NULL,'N',NULL),(17,487,'L',20011127211155,NULL,NULL,NULL,'N',NULL),(18,482,'L',20011204135314,'','',NULL,'N',NULL),(19,423,'L',20011127211155,NULL,NULL,NULL,'N',NULL),(20,424,'L',20011127211155,NULL,NULL,NULL,'N',NULL),(21,484,'L',20011127211155,NULL,NULL,NULL,'N',NULL),(22,483,'L',20011127211155,NULL,NULL,NULL,'N',NULL),(23,442,'L',20011127211155,NULL,NULL,NULL,'N',NULL),(24,384,'M',20011127211155,NULL,NULL,NULL,'N',NULL),(25,443,'L',20011127211155,NULL,NULL,NULL,'N',NULL),(26,413,'L',20011127211155,NULL,NULL,NULL,'N',NULL),(27,444,'L',20011127211155,NULL,NULL,NULL,'N',NULL),(28,445,'L',20011127211155,NULL,NULL,NULL,'N',NULL),(29,446,'L',20011127211155,NULL,NULL,NULL,'N',NULL),(30,447,'L',20011127211155,NULL,NULL,NULL,'N',NULL),(31,448,'L',20011127211155,NULL,NULL,NULL,'N',NULL),(32,449,'L',20011127211155,NULL,NULL,NULL,'N',NULL),(33,425,'L',20011127211155,NULL,NULL,NULL,'N',NULL),(34,426,'L',20011127211155,NULL,NULL,NULL,'N',NULL),(35,344,'L',20011127211155,NULL,NULL,NULL,'N',NULL),(36,450,'L',20011127211155,NULL,NULL,NULL,'N',NULL),(37,451,'L',20011127211155,NULL,NULL,NULL,'N',NULL),(38,452,'L',20011127211155,NULL,NULL,NULL,'N',NULL),(39,453,'L',20011127211155,NULL,NULL,NULL,'N',NULL),(40,454,'L',20011127211155,NULL,NULL,NULL,'N',NULL),(41,427,'L',20011127211155,NULL,NULL,NULL,'N',NULL),(42,428,'L',20011127211155,NULL,NULL,NULL,'N',NULL),(43,429,'L',20011127211155,NULL,NULL,NULL,'N',NULL),(44,455,'L',20011127211155,NULL,NULL,NULL,'N',NULL),(45,456,'L',20011127211155,NULL,NULL,NULL,'N',NULL),(46,205,'L',20011127211155,NULL,NULL,NULL,'N',NULL),(47,457,'L',20011127211155,NULL,NULL,NULL,'N',NULL),(48,458,'L',20011127211155,NULL,NULL,NULL,'N',NULL),(49,459,'L',20011127211155,NULL,NULL,NULL,'N',NULL),(50,460,'L',20011127211155,NULL,NULL,NULL,'N',NULL),(51,461,'L',20011127211155,NULL,NULL,NULL,'N',NULL),(52,462,'L',20011127211155,NULL,NULL,NULL,'N',NULL),(53,463,'L',20011127211155,NULL,NULL,NULL,'N',NULL),(54,464,'L',20011127211155,NULL,NULL,NULL,'N',NULL),(55,465,'L',20011127211155,NULL,NULL,NULL,'N',NULL),(56,466,'L',20011127211155,NULL,NULL,NULL,'N',NULL),(57,217,'L',20011127211155,NULL,NULL,NULL,'N',NULL),(58,467,'L',20011127211155,NULL,NULL,NULL,'N',NULL),(59,468,'L',20011127211155,NULL,NULL,NULL,'N',NULL),(60,469,'L',20011127211155,NULL,NULL,NULL,'N',NULL),(61,470,'L',20011127211155,NULL,NULL,NULL,'N',NULL),(62,471,'L',20011127211155,NULL,NULL,NULL,'N',NULL),(63,472,'L',20011127211155,NULL,NULL,NULL,'N',NULL),(64,473,'L',20011127211155,NULL,NULL,NULL,'N',NULL),(65,474,'L',20011127211155,NULL,NULL,NULL,'N',NULL),(66,475,'L',20011127211155,NULL,NULL,NULL,'N',NULL),(67,412,'L',20011127211155,NULL,NULL,NULL,'N',NULL),(68,218,'L',20011127211155,NULL,NULL,NULL,'N',NULL),(69,430,'L',20011127211155,NULL,NULL,NULL,'N',NULL),(70,431,'L',20011127211155,NULL,NULL,NULL,'N',NULL),(71,432,'L',20011127211155,NULL,NULL,NULL,'N',NULL),(72,410,'L',20011127211155,NULL,NULL,NULL,'N',NULL),(73,345,'L',20011127211155,NULL,NULL,NULL,'N',NULL),(74,433,'L',20011127211155,NULL,NULL,NULL,'N',NULL),(75,434,'L',20011127211155,NULL,NULL,NULL,'N',NULL),(76,476,'L',20011127211155,NULL,NULL,NULL,'N',NULL),(77,477,'L',20011127211155,NULL,NULL,NULL,'N',NULL),(78,478,'L',20011127211155,NULL,NULL,NULL,'N',NULL),(79,209,'L',20011127211155,NULL,NULL,NULL,'N',NULL),(80,479,'L',20011127211155,NULL,NULL,NULL,'N',NULL),(81,435,'L',20011127211155,NULL,NULL,NULL,'N',NULL),(82,480,'L',20011127211155,NULL,NULL,NULL,'N',NULL),(83,481,'L',20011127211155,NULL,NULL,NULL,'N',NULL),(84,416,'L',20011127211155,NULL,NULL,NULL,'N',NULL),(85,417,'L',20011127211155,NULL,NULL,NULL,'N',NULL),(86,418,'L',20011127211155,NULL,NULL,NULL,'N',NULL),(87,419,'L',20011127211155,NULL,NULL,NULL,'N',NULL),(88,420,'L',20011127211155,NULL,NULL,NULL,'N',NULL),(89,421,'L',20011127211155,NULL,NULL,NULL,'N',NULL),(90,214,'L',20011127211155,NULL,NULL,NULL,'N',NULL),(91,422,'L',20011127211155,NULL,NULL,NULL,'N',NULL),(92,202,'L',20011127211155,NULL,NULL,NULL,'N',NULL),(93,405,'M',20011127211155,NULL,NULL,NULL,'N',NULL),(94,213,'L',20011127211155,NULL,NULL,NULL,'N',NULL),(95,210,'L',20011127211155,NULL,NULL,NULL,'N',NULL),(96,204,'L',20020110145933,'Bathing Water Directive Obligation','',NULL,'N',''),(97,116,'L',20011127211155,NULL,NULL,NULL,'N',NULL),(98,403,'M',20011127211155,NULL,NULL,NULL,'N',NULL),(99,401,'M',20011127211155,NULL,NULL,NULL,'N',NULL),(100,402,'M',20011127211155,NULL,NULL,NULL,'N',NULL),(101,399,'M',20011127211155,NULL,NULL,NULL,'N',NULL),(102,249,'L',20011127211155,NULL,NULL,NULL,'N',NULL),(103,248,'L',20011127211155,NULL,NULL,NULL,'N',NULL),(104,380,'L',20011127211155,NULL,NULL,NULL,'N',NULL),(105,397,'L',20011127211155,NULL,NULL,NULL,'N',NULL),(106,400,'M',20011127211155,NULL,NULL,NULL,'N',NULL),(107,77,'L',20011127211155,NULL,NULL,NULL,'N',NULL),(108,404,'M',20011127211155,NULL,NULL,NULL,'N',NULL),(109,407,'M',20011127211155,NULL,NULL,NULL,'N',NULL),(110,100,'L',20011127211155,NULL,NULL,NULL,'N',NULL),(166,500,'L',20020114112038,'Large Combustion Plants Diretive Obligation, Annual emission report','EU Commission, DG Environment','2001-11-27','N',''),(112,264,'L',20011127211155,NULL,NULL,NULL,'N',NULL),(170,499,'M',20020111114748,'EIONET Priority Data Flow','EEA','2001-01-01','N',''),(114,274,'L',20011127211155,NULL,NULL,NULL,'N',NULL),(115,87,'L',20011127211155,NULL,NULL,NULL,'N',NULL),(116,387,'L',20011127211155,NULL,NULL,NULL,'N',NULL),(117,411,'L',20011127211155,NULL,NULL,NULL,'N',NULL),(118,170,'L',20011127211155,NULL,NULL,NULL,'N',NULL),(119,406,'M',20011127211155,NULL,NULL,NULL,'N',NULL),(120,392,'L',20011127211155,NULL,NULL,NULL,'N',NULL),(121,36,'L',20011127211155,NULL,NULL,NULL,'N',NULL),(122,390,'L',20011127211155,NULL,NULL,NULL,'N',NULL),(123,257,'L',20011127211155,NULL,NULL,NULL,'N',NULL),(124,254,'L',20011127211155,NULL,NULL,NULL,'N',NULL),(125,273,'L',20011127211155,NULL,NULL,NULL,'N',NULL),(126,241,'L',20011127211155,NULL,NULL,NULL,'N',NULL),(127,272,'L',20011127211155,NULL,NULL,NULL,'N',NULL),(128,187,'L',20020114112544,'HELCOM reporting obligation','HELCOM Convention Secretariat, Katajanokanlaituri 6 B, FIN-00160 Helsinki, Finland',NULL,'N',''),(129,385,'M',20011127211155,NULL,NULL,NULL,'N',NULL),(130,377,'L',20011127211155,NULL,NULL,NULL,'N',NULL),(131,386,'L',20011127211155,NULL,NULL,NULL,'N',NULL),(132,491,'L',20011127211155,NULL,NULL,NULL,'N',NULL),(133,350,'L',20011127211155,NULL,NULL,NULL,'N',NULL),(134,492,'L',20011127211155,NULL,NULL,NULL,'N',NULL),(135,351,'L',20011127211155,NULL,NULL,NULL,'N',NULL),(136,98,'L',20011127211155,NULL,NULL,NULL,'N',NULL),(137,493,'L',20011127211155,NULL,NULL,NULL,'N',NULL),(138,494,'L',20011127211155,NULL,NULL,NULL,'N',NULL),(139,183,'L',20011127211155,NULL,NULL,NULL,'N',NULL),(140,182,'L',20011127211155,NULL,NULL,NULL,'N',NULL),(141,376,'L',20011127211155,NULL,NULL,NULL,'N',NULL),(142,396,'L',20011127211155,NULL,NULL,NULL,'N',NULL),(143,495,'L',20011127211155,NULL,NULL,NULL,'N',NULL),(144,184,'L',20011127211155,NULL,NULL,NULL,'N',NULL),(145,388,'L',20011127211155,NULL,NULL,NULL,'N',NULL),(146,378,'M',20011127211155,NULL,NULL,NULL,'N',NULL),(147,409,'M',20011127211155,NULL,NULL,NULL,'N',NULL),(148,497,'M',20011127211155,NULL,NULL,NULL,'N',NULL),(149,174,'M',20011127211155,NULL,NULL,NULL,'N',NULL),(150,394,'L',20011127211155,NULL,NULL,NULL,'N',NULL),(151,498,'M',20011127211155,NULL,NULL,NULL,'N',NULL),(152,389,'M',20011127211155,NULL,NULL,NULL,'N',NULL),(153,395,'L',20011127211155,NULL,NULL,NULL,'N',NULL),(154,393,'L',20011127211155,NULL,NULL,NULL,'N',NULL),(155,496,'L',20011127211155,NULL,NULL,NULL,'N',NULL),(156,111,'L',20011127211155,NULL,NULL,NULL,'N',NULL),(157,195,'L',20011127211155,NULL,NULL,NULL,'N',NULL),(158,383,'L',20011127211155,NULL,NULL,NULL,'N',NULL),(159,381,'L',20011127211155,NULL,NULL,NULL,'N',NULL),(160,192,'L',20011127211155,NULL,NULL,NULL,'N',NULL),(161,191,'L',20011127211155,NULL,NULL,NULL,'N',NULL),(162,382,'L',20011127211155,NULL,NULL,NULL,'N',NULL),(163,287,'L',20011127211155,NULL,NULL,NULL,'N',NULL),(165,142,'L',20011220174738,'Basel Convention Reporting','Secretariat of the Basel Convention, 15 chemin des Anémones, 1219 Châtelaine, Geneva, Switzerland',NULL,'N',''),(167,500,'L',20020114112252,'Large Combustion Plants Directive Obligation, Report on implementation of the original Directive 88/609/EEC','EU Commission, DG Environment','1988-12-07','N',''),(168,500,'L',20020114112209,'Large Combustion Plants Directive Obligation, Reports on implementation of the Directive 2001/80/EC','EU Commission, DG Environment','2001-11-27','N',''),(169,501,'L',20020108161211,'CO2 Monitoring Mechanism','EU Commission, DG Environment',NULL,'N','');
UNLOCK TABLES;

#
# Table structure for table 'T_SOURCE'
#

DROP TABLE IF EXISTS T_SOURCE;
CREATE TABLE T_SOURCE (
  PK_SOURCE_ID int(10) unsigned NOT NULL auto_increment,
  FK_TYPE_ID int(10) unsigned NOT NULL default '0',
  SOURCE_CODE varchar(50) NOT NULL default '',
  TITLE text NOT NULL,
  CELEX_REF varchar(255) default NULL,
  LEGAL_NAME varchar(255) NOT NULL default '',
  URL varchar(255) default NULL,
  SECRETARIAT text,
  SECRETARIAT_URL varchar(255) default NULL,
  ABSTRACT text,
  EC_ACCESSION date default NULL,
  EC_ENTRY_INTO_FORCE date default NULL,
  DRAFT enum('Y','N') default NULL,
  COMMENT text,
  LAST_MODIFIED date default NULL,
  ISSUED_BY text,
  VALID_FROM date default NULL,
  ALIAS text,
  ISSUED_BY_URL varchar(255) default NULL,
  PRIMARY KEY  (PK_SOURCE_ID),
  KEY FK_TYPE_ID (FK_TYPE_ID),
  KEY LEGAL_NAME (LEGAL_NAME),
  KEY FT_TITLE (TITLE(1)),
  KEY TITLE (TITLE(20)),
  KEY FT_ALIAS (ALIAS(1)),
  KEY ALIAS (ALIAS(20))
) TYPE=MyISAM;

#
# Dumping data for table 'T_SOURCE'
#

LOCK TABLES T_SOURCE WRITE;
INSERT INTO T_SOURCE VALUES (36,0,'77/795/CEE','77/795/EEC: Council Decision of 12 December 1977 establishing a common procedure for the exchange of information on the quality of surface fresh water in the Community','CELEX document number 377D0795','Council Decision 77/795/CEE of 12 December 1977 establishing a common procedure for the exchange of information on the quality of surface fresh water in the Community','http://europa.eu.int/eur-lex/en/lif/dat/1977/en_377D0795.html',NULL,NULL,'Decision: 77/795/EEC',NULL,NULL,NULL,'A common procedure for the exchange of information on the quality of surface fresh water in the Community is hereby established. \r\n\r\nArticle 2\r\n1. For the purposes of this Decision \"sampling or measuring stations\" means the stations listed in Annex I. \r\n2. The information concerning the parameters listed in the first column of Annex II covered by the exchange of information shall be: (a) the results of the measurements carried out by the sampling or measuring stations; \r\n(b) a description of the sampling, sample preservation and measuring methods used and the frequency of sampling','1998-12-15','DG XI European Commission','1977-12-24',NULL,NULL),(76,17,'93/389/CEE','93/389/EEC: Council Decision of 24 June 1993 for a monitoring mechanism of Community CO2 and other greenhouse gas emissions','CELEX document number 393D0389','Council Decision 93/389/CEEof 24 June 1993 for a monitoring mechanism of Community CO2 and other greenhouse gas emissions','http://europa.eu.int/eur-lex/en/lif/dat/1993/en_393D0389.html','','','A monitoring mechanism is hereby established for anthropogenic CO2 and other greenhouse gas emissions not controlled by the Montreal Protocol in the Member States. \r\nMember States shall each year, not later than 31 July, report to the Commission their anthropogenic CO2 emissions and CO2 removal by sinks for the previous calendar year. Member States shall determine their anthropogenic CO2 emissions and removal by sinks and emissions of other greenhouse gases not controlled by the Montreal Protocol on the basis of the best available methodology',NULL,NULL,'N','This Council Decision (93/389/EEC) has been subject to amendment by Council Decision 1999/296/EC.','1998-12-01','EU Council','1993-07-09','CO2 Monitoring Mechanism, Council Decision: 93/389/EEC',''),(77,0,'93/481/CEE','93/481/EEC: Commission Decision of 28 July 1993 concerning formats for the presentation of national programmes as foreseen by Article 17 of Council Directive 91/271/EEC','CELEX document number 393D0481','Commission Decision 93/481/CEE of 28 July 1993 concerning formats for the presentation of national programmes as foreseen by Article 17 of Council Directive 91/271/EEC','http://europa.eu.int/eur-lex/en/lif/dat/1993/en_393D0481.html',NULL,NULL,'Decision: 93/481/EEC',NULL,NULL,NULL,'The Member States are required to draw up a report concerning their national programme for the implementation of Council Directive 91/271/EEC on the basis of formats contained in the Annex\r\n\r\nThe 91/271/EEC Directive concerns the collection, treatment and discharge of urban waste water and the treatment and discharge of waste water from certain industrial sectors. The objective of the Directive is to protect the environment from the adverse effects of the abovementioned waste water discharges','1998-12-01','DG XI European Commission','1993-09-07',NULL,NULL),(87,0,'94/741/CE','94/741/EC: Commission Decision of 24 October 1994 concerning questionnaires for Member States reports on the implementation of certain Directives in the waste sector (implementation of Council Directi','CELEX document number 394D0741','Commission Decision 94/741/CE of 24 October 1994 concerning questionnaires for Member States reports on the implementation of certain Directives in the waste sector (implementation of Council Directive 91/692/EEC)','http://europa.eu.int/eur-lex/en/lif/dat/1994/en_394D0741.html',NULL,NULL,'Decision: 94/741/EC',NULL,NULL,NULL,'The questionnaires attached to this Decision, which relate to Council Directives 75/439/EEC, 75/442/EEC and 86/278/EEC are hereby adopted : \r\n1. Questionnaire relating to Council Directive 75/439/EEC of 16 June 1975 on the disposal of waste oils (1), as last amended by Directive 91/692/EEC (2). \r\n\r\n2. Questionnaire relating to Council Directive 75/442/EEC of 15 July 1975 on waste (3), as last amended by Directive 91/692/EEC. \r\n\r\n3. Questionnaire relating to Council Directive 86/278/EEC of 12 June 1986 on the protection of the environment, and in particular the soil, when sewage sludge is used in agriculture (4), as amended by Directive 91/692/EEC.','1998-12-01','DG XI European Commission','1994-11-17',NULL,NULL),(98,0,'96/302/CE','96/302/EC: Commission Decision of 17 April 1996 establishing a format in which information is to be provided pursuant to Article 8 (3) of Council Directive 91/689/EEC on hazardous waste (Text with EEA','CELEX document number 396D0302','Commission Decision 96/302/CE of 17 April 1996 establishing a format in which information is to be provided pursuant to Article 8 (3) of Council Directive 91/689/EEC on hazardous waste','http://europa.eu.int/eur-lex/en/lif/dat/1996/en_396D0302.html',NULL,NULL,'Decision: 96/302/EC',NULL,NULL,NULL,'The document annexed to this Decision shall be the format in which information is to be provided pursuant to Article 8 (3) of Directive 91/689/EEC on hazardous waste.\r\nBy 12 December 1994, the Member States shall send the Commission the following information for every establishment or undertaking which carries out disposal and/or recovery of hazardous waste principally on behalf of third parties and which is likely to form part of the integrated network referred to in Article of Directive 75/442/EEC:\r\n- name and address,\r\n- the method used to treat waste,\r\n- the types and quantities of waste which can be treated.\r\n\r\nOnce a year, Member States shall inform the Commission of any changes in this information','1998-12-01','DG XI European Commission','1996-05-11',NULL,NULL),(100,0,'96/511/CE','96/511/EC: Commission Decision of 29 July 1996 concerning the questionnaires provided for in Council Directives 80/779/EEC, 82/884/EEC, 84/360/EEC and 85/203/EEC (Text with EEA relevance)','CELEX document number 396D0511','Commission Decision 96/511/CE of 29 July 1996 concerning the questionnaires provided for in Council Directives 80/779/EEC, 82/884/EEC, 84/360/EEC and 85/203/EEC','http://europa.eu.int/eur-lex/en/lif/dat/1996/en_396D0511.html',NULL,NULL,'Decision: 96/511/EC',NULL,NULL,NULL,'Member States shall use the questionnaires set out in the Annex as a basis for drawing up the sectoral reports they are required to submit to the Commission pursuant to Article 4 of Directive 91/692/EEC.\r\n\r\nLIST OF QUESTIONNAIRES \r\nI. Questionnaire on Council Directive 80/779/EEC of 15 July 1980 on air quality limit values and guide values for sulphur dioxide and suspended particulates\r\nII. Questionnaire on Council Directive 82/884/EEC of 3 December 1982 on a limit value for lead in the air\r\nIII. Questionnaire on Council Directive 84/360/EEC of 28 June 1984 on the combating of air pollution from industrial plants\r\nIV. Questionnaire on Council Directive 85/203/EEC of 7 March 1985 on air quality standards for nitrogen dioxide','1998-12-01','DG XI European Commission','1996-08-22',NULL,NULL),(111,0,'97/622/CE','97/622/EC: Commission Decision of 27 May 1997 concerning questionnaires for Member States reports on the implementation of certain Directives in the waste sector (implementation of Council Directive 9','CELEX document number 397D0622','Commission Decision 97/622/CE of 27 May 1997 concerning questionnaires for Member States reports on the implementation of certain Directives in the waste sector (implementation of Council Directive 91/692/EEC)','http://europa.eu.int/eur-lex/en/lif/dat/1997/en_397D0622.html',NULL,NULL,'Decision: 97/622/EC',NULL,NULL,NULL,'Adoption of the questionnaires as which have to be used as a basis for the drawing up of the sectoral reports required to submit to the Commission pursuant to Article 5 of Directive 91/692/EEC and to Article 17 of Directive 94/62/EEC : \r\n1. Questionnaire relating to Council Directive 91/689/EEC of 12 December 1991 on hazardous waste (1), as last amended by Directive 94/31/EC (2).\r\n2. Questionnaire relating to European Parliament and Council Directive 94/62/EC of 20 December 1994 on packaging and packaging waste (3).','1998-12-01','DG XI European Commission','1997-09-19',NULL,NULL),(116,0,'98/184/CE','98/184/EC: Commission Decision of 25 February 1998 concerning a questionnaire for Member States\' reports on the implementation of Council Directive 94/67/EC on the incineration of hazardous waste (imp','CELEX document number 398D0184','Commission Decision 98/184/CE of 25 February 1998 concerning a questionnaire for Member States\' reports on the implementation of Council Directive 94/67/EC on the incineration of hazardous waste (implementation of Council Directive 91/692/EEC)','http://europa.eu.int/eur-lex/en/lif/dat/1998/en_398D0184.html',NULL,NULL,'Decision: 98/184/EC',NULL,NULL,NULL,'Article 1 : The questionnaire attached to this Decision, which relates to Council Directive 94/67/EC on the incineration of hazardous waste is hereby adopted.\r\nArticle 2  : The Member States will use this questionnaire as a basis for the drawing up of the report they are required to submit to the Commission pursuant to Article 5 of Council Directive 91/692/EEC and Article 17 of Council Directive 94/67/EC','1998-12-01','DG XI European Commission','1998-03-07',NULL,NULL),(142,0,'Basel','Basel Convention on the control of transboundary movements of hazardous wastes and their disposal','CELEX document number 293A0216(02)','Basel Convention on the control of transboundary movements of hazardous wastes and their disposal','http://europa.eu.int/eur-lex/en/lif/dat/1993/en_293A0216_02.html','E-mail: sbc@unep.ch','http://www.basel.int/','Agreement',NULL,NULL,'','The Convention is the response of the international community to the problems caused by the annual world-wide production of 400 million tonnes of wastes which are hazardous to people or the environment because they are toxic, poisonous, explosive, corrosive, flammable, eco-toxic, or infectious. \r\nThis global environmental treaty strictly regulates the transboundary movements of hazardous wastes and provides obligations to its Parties to ensure that such wastes are managed and disposed of in an environmentally sound manner. (http://www.unep.ch/basel/index.html)\r\n\r\n93/98/EEC: Council Decision of 1 February 1993 on the conclusion, on behalf of the Community, of the Convention on the control of transboundary movements of hazardous wastes and their disposal (Basel Convention','2000-03-29','United Nations','1993-02-16','',''),(170,0,'OSPAR','Convention for the protection of the marine environment of the north-east Atlantic','CELEX document number 298A0403(01)','Convention for the Protection of the Marine Environment of the North-East Atlantic (OSPAR Convention 1992)','http://europa.eu.int/eur-lex/en/lif/dat/1998/en_298A0403_01.html','OSPAR Secretariat, New Court , 48 Carey Street, London WC2A 2JQ / UK, Tel: +44 (0) 20 7430 5200, Fax: +44 (0) 20 7430 5225, e-mail: secretariat@ospar.org','http://www.ospar.org/eng/html/welcome.html','Agreement',NULL,NULL,'','The Convention for the Protection of the Marine Environment of the North-East Atlantic (\"OSPAR Convention\") was opened for signature at the Ministerial Meeting of the Oslo and Paris Commissions in Paris on 22 September 1992. \r\nThe Convention has been signed and ratified by all of the Contracting Parties to the Oslo or Paris Conventions (Belgium, Denmark, the Commission of the European Communities, Finland, France, Germany, Iceland, Ireland, the Netherlands, Norway, Portugal, Spain, Sweden and the United Kingdom of Great Britain and Northern Ireland) and by Luxembourg and Switzerland. \r\nThe OSPAR Convention entered into force on 25 March 1998. It replaces the Oslo and Paris Conventions, but Decisions, Recommendations and all other agreements adopted under those Conventions will continue to be applicable, unaltered in their legal nature, unless they are terminated by new measures adopted under the 1992 OSPAR Convention. \r\nAs its predecessors, the OSPAR Commission has the status of an international organisation in the terms of British legislation, recognised by a Headquarters Agreement with the Government of the United Kingdom of Great Britain and Northern Ireland','2000-03-29','OSPAR Commission','1998-04-03','OSPAR Convention for the protection of the marine environment of the north-east Atlantic','http://www.ospar.org/eng/html/welcome.html'),(174,0,'Danube Convention','Convention on co-operation for the protection and sustainable use of the river Danube (Convention for the protection of the Danube) - Final act','CELEX document number 297A1212(03)','Convention on cooperation for the protection and sustainable use of the Danube river (Convention for the protection of the Danube)','http://europa.eu.int/eur-lex/en/lif/dat/1997/en_297A1212_03.html',NULL,NULL,'Agreement',NULL,NULL,NULL,'The Contracting Parties shall strive at achieving the goals of a sustainable and equitable water management, including the conservation, improvement and the rational use of surface waters and ground water in the Danube catchment area as far as possible. Moreover the Contracting Parties shall make all efforts to control the hazards originating from accidents involving substances hazardous to water, floods and ice-hazards of the Danube River. Moreover they shall endeavour to contribute to reducing the pollution loads of the Black Sea from sources in the catchment area. See also Cooperation on Management of water resources in the Danube basin ','2000-03-29','Danube','1997-12-12',NULL,NULL),(182,0,'ELBE Convention','Convention on the International Commission for the Protection of the Elbe (EEC Translation)','CELEX document number 291A1123(01)','Convention on the international Commission for the protection of the Elbe','http://europa.eu.int/eur-lex/en/lif/dat/1991/en_291A1123_01.html',NULL,NULL,'Agreement',NULL,NULL,NULL,'The contracting parties shall cooperate in the International Commission for the Protection of the Elbe to prevent the pollution of the Elbe and its drainage area. See also the EC Agreement on the Protocol to the Convention 8 October 1990. ','2000-03-29','ELBE','1991-11-23',NULL,NULL),(183,0,'ODER Convention','Convention on the International Commission for the Protection of the Oder','CELEX document number:299A0415(01)','Convention on the International Commission for the protection of the Oder','http://europa.eu.int/eur-lex/en/lif/dat/1999/en_299A0415_01.html',NULL,NULL,'Convention on the International Commission for the Protection of the Oder. Contracting parties: Czech Rep., Poland, Germany, European Commision. Target to improve the ecological state of the Oder and the Stettiner Haff, including their drainage areas,prevention of further pollution of these waters,sustained reduction of pollution of the Baltic Sea,  increasing the cooperation that already exists between the contracting parties',NULL,NULL,NULL,'The Contracting Parties shall cooperate  to prevent the pollution of the Oder and the Stettiner Haff, including their drainage areas.See also the Council Decision 1999/257/EC 29 March 1999.','2000-03-29','ODER','1999-08-22',NULL,NULL),(184,0,'UN Eau/Trans','Convention on the protection and use of transboundary watercourses and international lakes - Declaration by the Community pursuant to Article 25 (4) of the Convention','CELEX document number 295A0805(01)','Convention on the protection and use of transboundary watercourses and international lakes 1992','http://europa.eu.int/eur-lex/en/lif/dat/1995/en_295A0805_01.html',NULL,NULL,'Multilateral cooperation for the protection of natural resources to prevent, control and reduce transboundary impact of surface or ground waters which mark, cross or are located on boundaries between two or more States. Transboundary impact means any significant adverse effect on the environment resulting from a change in the conditions of transboundary waters caused by a human activity, the physical origin of which is situated wholly or in part within an area under the jurisdiction of another Party.',NULL,NULL,NULL,'The protocol on water and heath was adopted on 17 June 1999','2000-03-29','United Nations','1999-03-11',NULL,NULL),(187,16,'HEL','Convention on the Protection of the Marine Environment of the Baltic Sea Area, 1992 (Helsinki Convention revised in 1992)','CELEX document number 294A0316(02)','Convention on the Protection of the Marine environment of the Baltic Sea Area','http://europa.eu.int/eur-lex/en/lif/dat/1994/en_294A0316_02.html','HELCOM, Katajanokanlaituri 6 B, FIN-00160 Helsinki, Finland','http://www.helcom.fi','The convention aims at protect the marine environment of the Baltic Sea. The Convention comprises 38 articles and 7 annexes each with several Regulations. Annex I: \"Harmful substances, Annex II: \"Criteria for the use of best environmental practice and best available technology\", Annex III: \"Criteria and measures concerning the prevention of pollution from land-based sources\", Annex IV: \"Prevention of pollution from ships\", Annex V: \"Exemptions from the general prohibition of dumping of waste and other matter in the Baltic area\", Annex VI: \"Prevention of pollution from offshore activities\", Annex VII: \"Respone to pollution incidents\".',NULL,NULL,'N','The Helsinki Convention of 1974, supersedes by HELCOM, issued to protect the marine environment of the Baltic Sea, was the first international agreement to cover all sources of pollution, both from land and from ships as well as airborne. To accomplish its aim, the Convention calls for action to curb various sources of pollution. The 1974 convention is replaced by the 1992 convention since 17/01/00. The environmental reporting guidelines are published in the COMBINE manual','2000-03-29','HELCOM','1994-03-16','Convention on the Protection of the Marine Environment of the Baltic Sea Area, 1992 (Helsinki Convention, revised in 1992)','http://www.helcom.fi'),(191,0,'97/101/CE','Council Decision of 27 January 1997 establishing a reciprocal exchange of information and data from networks and individual stations measuring ambient air pollution within the Member States (97/101/EC','CELEX document number 397D0101','Council Decision of 27 January 1997 establishing a reciprocal exchange of information and data from networks and individual stations measuring ambient air pollution within the Member States','http://europa.eu.int/eur-lex/en/lif/dat/1997/en_397D0101.html',NULL,NULL,'Decision: 97/101/EC',NULL,NULL,NULL,'A reciprocal exchange of information and data from networks and individual stations measuring ambient air pollution','1998-12-01','DG XI European Commission','1997-02-05',NULL,NULL),(192,0,'1999/13/CE','Council Directive 1999/13/EC of 11 March 1999 on the limitation of emissions of volatile organic compounds due to the use of organic solvents in certain activities and installations','CELEX document number: 399L0013','Council Directive 1999/13/EC of 11 March 1999 on the limitation of emissions of volatile organic compounds due to the use of organic solvents in certain activities and installations','http://europa.eu.int/eur-lex/en/lif/dat/1999/en_399L0013.html',NULL,NULL,'Directive:1999/13/EC',NULL,NULL,NULL,'The purpose of this Directive is to prevent or reduce the direct and indirect effects of emissions of volatile organic compounds into the environment, mainly into air, and the potential risks to human health, by providing measures and procedures to be implemented for the activities defined in Annex I, in so far as they are operated above the solvent consumption thresholds listed in Annex IIA','1999-11-04','DG XI European Commission','1999-07-11',NULL,NULL),(195,0,'1999/31/CE','Council Directive 1999/31/EC of 26 April 1999 on the landfill of waste','CELEX document number: 399L0031','Council Directive 1999/31/EC of 26 April 1999 on the landfill of waste','http://europa.eu.int/eur-lex/en/lif/dat/1999/en_399L0031.html',NULL,NULL,'Council Directive 1999/31/EC',NULL,NULL,NULL,'the aim of this Directive is, by way of stringent operational and technical requirements on the waste and landfills, to provide for measures, procedures and guidance to prevent or reduce as far as possible negative effects on the environment, in particular the pollution of surface water, groundwater, soil and air, and on the global environment, including the greenhouse effect, as well as any resulting risk to human health, from landfilling of waste, during the whole life-cycle of the landfill.','1999-11-05','DG XI European Commission','1999-09-27',NULL,NULL),(202,0,'75/440/CEE','Council Directive 75/440/EEC of 16 June 1975 concerning the quality required of surface water intended for the abstraction of drinking water in the Member States','CELEX document number 375L0440','Council Directive 75/440/EEC of 16 June 1975 concerning the quality required of surface water intended for the abstraction of drinking water in the Member States','http://europa.eu.int/eur-lex/en/lif/dat/1975/en_375L0440.html',NULL,NULL,'Directive: 75/440/EEC',NULL,NULL,NULL,'This Directive concerns the quality requirements which surface fresh water used or intended for use in the abstraction of drinking water, hereinafter called \"surface water\", must meet after application of appropriate treatment. Ground water, brackish water and water intended to replenish water-bearing beds shall not be subject to this Directive.\r\n\r\nThe questions are defined in Decision 95/337/EC','1998-12-01','DG XI European Commission','1975-07-25',NULL,NULL),(204,0,'76/160/CEE','Council Directive 76/160/EEC of 8 December 1975 concerning the quality of bathing water','CELEX document number 376L0160','Council Directive 76/160/EEC of 8 December 1975 concerning the quality of bathing water','http://europa.eu.int/eur-lex/en/lif/dat/1976/en_376L0160.html',NULL,NULL,'Directive: 76/160/EEC',NULL,NULL,NULL,'This Directive concerns the quality of bathing water, with the exception of water intended for therapeutic purposes and water used in swimming pools. \r\n\r\nThe physical, chemical and microbiological parameters applicable to bathing water are indicated in the Annex which forms an integral part of this Directive.\r\n\r\nThe questions are defined in Decision 95/337/EC','1998-12-01','DG XI European Commission','1976-02-05',NULL,NULL),(205,0,'76/464/CEE','Council Directive 76/464/EEC of 4 May 1976 on pollution caused by certain dangerous substances discharged into the aquatic environment of the Community','CELEX document number 376L0464','Council Directive 76/464/EEC of 4 May 1976 on pollution caused by certain dangerous substances discharged into the aquatic environment of the Community','http://europa.eu.int/eur-lex/en/lif/dat/1976/en_376L0464.html',NULL,NULL,'Directive: 76/464/EEC',NULL,NULL,NULL,'Member States shall take the appropriate steps to eliminate pollution of the inland surface water, territorial waters, internal coastal waters and  ground water by the dangerous substances in the families and groups of substances in List I of the Annex and to reduce pollution of the said waters by the dangerous substances in the families and groups of substances in List II of the Annex.\r\n\r\nThe questions are defined in Decision 95/337/EC','1998-12-01','DG XI European Commission','1976-05-18',NULL,NULL),(209,0,'78/176/CEE','Council Directive 78/176/EEC of 20 February 1978 on waste from the titanium dioxide industry','CELEX document number 378L0176','Council Directive 78/176/EEC of 20 February 1978 on waste from the titanium oxide industry','http://europa.eu.int/eur-lex/en/lif/dat/1978/en_378L0176.html',NULL,NULL,'Directive: 78/176/EEC',NULL,NULL,NULL,'The aim of this Directive is the prevention and progressive reduction, with a view to its elimination, of pollution caused by waste from the titanium dioxide industry\r\n\r\nThe questions are defined in Decision 95/337/EC','1998-12-01','DG XI European Commission','1978-02-25',NULL,NULL),(210,0,'78/659/CEE','Council Directive 78/659/EEC of 18 July 1978 on the quality of fresh waters needing protection or improvement in order to support fish life','CELEX document number 378L0659','Council Directive 78/659/EEC of 18 July 1978 on the quality of fresh waters needing protection or improvement in order to support fish life','http://europa.eu.int/eur-lex/en/lif/dat/1978/en_378L0659.html',NULL,NULL,'Directive: 78/659/EEC Secondary legislation',NULL,NULL,NULL,'This Directive concerns the quality of fresh waters and applies to those waters designated by the Member States as needing protection or improvement in order to support fish life. \r\n\r\nThe aim of this Directive is to protect or improve the quality of those running or standing fresh waters which support or which, if pollution were reduced or eliminated, would become capable of supporting fish belonging to: \r\n- indigenous species offering a natural diversity, or \r\n- species the presence of which is judged desirable for water management purposes by the competent authorities of the Member States\r\n\r\nThe questions are defined in Decision 95/337/EC','1999-11-09','DG XI European Commission','1978-08-14',NULL,NULL),(213,0,'79/868/CEE','Council Directive 79/869/EEC of 9 October 1979 concerning the methods of measurement and frequencies of sampling and analysis of surface water intended for the abstraction of drinking water in the Mem','CELEX document number 379L0869','Council Directive 79/869/EEC of 9 October 1979 concerning the methods of measurement and frequencies of sampling and analysis of surface water intended for the abstraction of drinking water in the Member States','http://europa.eu.int/eur-lex/en/lif/dat/1979/en_379L0869.html',NULL,NULL,'Directive: 79/869/EEC',NULL,NULL,NULL,'This Directive concerns the reference methods of measurement and frequencies of sampling and analysis for the parameters listed in Annex II to Directive 75/440/EEC.\r\n\r\nThe questions are defined in Decision 95/337/EC','1998-12-01','DG XI European Commission','1979-10-29',NULL,NULL),(214,0,'79/923/CEE','Council Directive 79/923/EEC of 30 October 1979 on the quality required of shellfish waters','CELEX document number 379L0923','Council Directive 79/923/EEC of 30 October 1979 on the quality required of shellfish waters','http://europa.eu.int/eur-lex/en/lif/dat/1979/en_379L0923.html',NULL,NULL,'Directive: 79/923/EEC',NULL,NULL,NULL,'This directive concerns the quality of shellfish waters and applies to those coastal and brackish waters designated by the member states as needing protection or improvement in order to support shellfish ( bivalve and gasteropod molluscs ) life and growth and thus to contribute to the high quality of shellfish products directly edible by man .\r\n\r\nThe questions are defined in Decision 95/337/EC','1998-12-01','DG XI European Commission','1979-11-10',NULL,NULL),(217,0,'80/68/CEE','Council Directive 80/68/EEC of 17 December 1979 on the protection of groundwater against pollution caused by certain dangerous substances','CELEX document number 380L0068','Council Directive 80/68/EEC of 17 December 1979 on the protection of groundwater against pollution caused by certain dangerous substances','http://europa.eu.int/eur-lex/en/lif/dat/1980/en_380L0068.html',NULL,NULL,'Directive: 80/68/EEC',NULL,NULL,NULL,'The purpose of this Directive is to prevent the pollution of groundwater by substances belonging to the families and groups of substances in lists I or II in the Annex. \r\n\r\nMember States shall take the necessary steps to: \r\n(a) prevent the introduction into groundwater of substances in list I ; and \r\n(b) limit the introduction into groundwater of substances in list II so as to avoid pollution of this water by these substances.\r\n\r\nThe questions are defined in Decision 95/337/EC','1998-12-01','DG XI European Commission','1980-01-26',NULL,NULL),(218,0,'80/778/CEE','Council Directive 80/778/EEC of 15 July 1980 relating to the quality of water intended for human consumption','CELEX document number 380L0778','Council Directive 80/778/EEC of 15 July 1980 relating to the quality of water intended for human consumption','http://europa.eu.int/eur-lex/en/lif/dat/1980/en_380L0778.html',NULL,NULL,'Directive: 80/778/EEC',NULL,NULL,NULL,'This Directive concerns standards for water intended for human consumption.\r\n\r\nThe questions are defined in Decision 95/337/EC','1998-12-01','DG XI European Commission','1980-08-30',NULL,NULL),(241,0,'87/217/CEE','Council Directive 87/217/EEC of 19 March 1987 on the prevention and reduction of environmental pollution by asbestos','CELEX document number 387L0217','Council Directive 87/217/EEC of 19 March 1987 on the prevention and reduction of environmental pollution by asbestos','http://europa.eu.int/eur-lex/en/lif/dat/1987/en_387L0217.html',NULL,NULL,'Directive: 87/217/EEC Secondary legislation',NULL,NULL,NULL,'This Directive concerns the prevention and reduction of environmental pollution by asbestos. Monitoring of atmospheric emissions and of aqueaous effluent is required. Reporting of any information that will let the Commission to make a comparative assessment of the application of the Directive. The texts of the adopted provisions of national law must also be reported.','1999-11-09','DG XI European Commission','1987-03-28',NULL,NULL),(245,0,'88/609/CEE','Council Directive 88/609/EEC of 24 November 1988 on the limitation of emissions of certain pollutants into the air from large combustion plants','CELEX document number 388L0609','Council Directive 88/609/EEC of 24 November 1988 on the limitation of emissions of certain pollutants into the air from large combustion plants','http://europa.eu.int/eur-lex/en/lif/dat/1988/en_388L0609.html','','','Directive: 88/609/EEC: This Directive shall apply to combustion plants, the rated thermal input of which is equal to or greater than 50 MW, irrespective of the type of fuel used (solid, liquid or gaseous). Not later than 1 July 1990, the Member States shall draw up appropriate programmes for the progressive reduction of total annual emissions from existing plants. The programmes shall set out the timetables and the implementing procedures',NULL,NULL,'','This directive has been replaced by Directive 2001/80/EC of the 23 October 2001, Celex ref number 301L0080','1998-12-01','DG XI European Commission','1988-12-07','',''),(248,0,'89/369/CEE','Council Directive 89/369/EEC of 8 June 1989 on the prevention of air pollution from new municipal waste incineration plants','CELEX document number 389L0369','Council Directive 89/369/EEC of 08 June 1989 on the reduction of air pollution from new municipal waste-incineration plants','http://europa.eu.int/eur-lex/en/lif/dat/1989/en_389L0369.html',NULL,NULL,'Directive: 89/369/EEC',NULL,NULL,NULL,'Without prejudice to Article 4 of Directive 84/360/EEC, Member States shall take the necessary measures to ensure that the conditions laid down in Articles 3 to 10 of this Directive are attached to the prior authorization required to operate all new municipal waste-incineration plants under Article 3 of Directive 84/360/EEC and under Article 8 of Directive 75/442/EEC.','1998-12-01','DG XI European Commission','1989-06-14',NULL,NULL),(249,0,'89/429/CEE','Council Directive 89/429/EEC of 21 June 1989 on the reduction of air pollution from existing municipal waste-incineration plants','CELEX document number 389L0429','Council Directive 89/429/EEC of 21 June 1989 on the reduction of air pollution from existing municipal waste-incineration plants','http://europa.eu.int/eur-lex/en/lif/dat/1989/en_389L0429.html',NULL,NULL,'Directive: 89/429/EEC',NULL,NULL,NULL,'Member States shall take appropriate measures to prevent air pollution from existing municipal waste-incineration plants (municipal waste-incineration plant for which the first authorization to operate is granted before 1 December 1990)','1998-12-01','DG XI European Commission','1989-07-15',NULL,NULL),(254,0,'91/157/CEE','Council Directive 91/157/EEC of 18 March 1991 on batteries and accumulators containing certain dangerous substances','CELEX document number 391L0157','Council Directive 91/157/EEC of 18 March 1991 on batteries and accumulators containing certain dangerous substances','http://europa.eu.int/eur-lex/en/lif/dat/1991/en_391L0157.html',NULL,NULL,'Directive: 91/157/EEC',NULL,NULL,NULL,'This Directive concerns the drawing up of programmes in order to achieve the following objectives: \r\n- reduction of the heavy-metal content of batteries and accumulators, \r\n- promotion of marketing of batteries and accumulators containing smaller quantities of dangerous substances and/or less polluting substances, \r\n- gradual reduction, in household waste, of spent batteries and accumulators covered by Annex I, \r\n- promotion of research aimed at reducing the dangerous-substance content and favouring the use of less polluting substitute substances in batteries and accumulators, and research into methods of recycling, \r\n- separate disposal of spent batteries and accumulators covered by Annex I (1. Batteries and accumulators put on the market as from the date laid down in Article 11 (1) (18/09/92) and containing: \r\n- more than 25 mg mercury per cell, except alkaline manganese batteries, \r\n- more than 0,025 % cadmium by weight, \r\n- more than 0,4 % lead by weight. \r\n2. Alkaline manganese batteries containing more than 0,025 % mercury by weight placed on the market as from the date laid down in Article 11 (1) : (18/09/92)).','1998-12-01','DG XI European Commission','1991-03-26',NULL,NULL),(257,0,'91/676/CEE','Council Directive 91/676/EEC of 12 December 1991 concerning the protection of waters against pollution caused by nitrates from agricultural sources','CELEX document number 391L0676','Council Directive 91/676/EEC of 12 December 1991 concerning the protection of waters against pollution caused by nitrates from agricultural sources','http://europa.eu.int/eur-lex/en/lif/dat/1991/en_391L0676.html',NULL,NULL,'Directive: 91/676/EEC',NULL,NULL,NULL,'This Directive has the objective of reducing water pollution caused or induced by nitrates from agricultural sources and preventing further such pollution. Waters affected by pollution and waters which could be affected by pollution if action pursuant Article 5 is not taken shall be identified by the Member States in accordance with the criteria set out in Annex I.\r\nWith the aim of providing for all waters a general level of protection against pollution, Member States shall establish a code or codes of good agricultural practice.','1998-12-01',NULL,'1991-12-31',NULL,NULL),(264,0,'92/72/CEE','Council Directive 92/72/EEC of 21 September 1992 on air pollution by ozone','CELEX document number 392L0072','Council Directive 92/72/EEC of 21 September 1992 on air pollution by ozone','http://europa.eu.int/eur-lex/en/lif/dat/1992/en_392L0072.html',NULL,NULL,'Directive: 92/72/EEC',NULL,NULL,NULL,'The purpose of this Directive is to establish a harmonized procedure: \r\n- for monitoring, \r\n- for exchanging information, \r\n- for informing and warning the population, \r\nwith regard to air pollution by ozone','1998-12-01','DG XI European Commission','1992-10-13',NULL,NULL),(272,0,'96/59/CE','Council Directive 96/59/EC of 16 September 1996 on the disposal of polychlorinated biphenyls and polychlorinated terphenyls (PCB/PCT)','CELEX document number 396L0059','Council Directive 96/59EC of 16 September 1996 on the disposal of polychlorinated biphenyls and polychlorinated terphenyls (PCB/PCT)','http://europa.eu.int/eur-lex/en/lif/dat/1996/en_396L0059.html',NULL,NULL,'Directive: 96/59/EC',NULL,NULL,NULL,'This Directive requires the compiling of un inventory for the equipment containing more than 5dm3 of  PCB. The MS must also send to the Commission a summary of the inventory, a decontamination plan of the inventorised equipment and a project for the collect of the non inventorised equipment','1998-12-01','DG XI European Commission','1996-09-24',NULL,NULL),(273,0,'96/61/CE','Council Directive 96/61/EC of 24 September 1996 concerning integrated pollution prevention and control','CELEX document number: 396L0061','Council Directive 96/61/CE of 24 September 1996 concerning integrated pollution prevention and control','http://europa.eu.int/eur-lex/en/lif/dat/1996/en_396L0061.html',NULL,NULL,'Directive: 96/61/EC Secondary legislation',NULL,NULL,NULL,'The purpose of this Directive is to achieve integrated prevention and control of pollution arising from the activities listed in Annex I. It lays down measures designed to prevent or, where that is not practicable, to reduce emissions in the air, water and land from the abovementioned activities, including measures concerning waste, in order to achieve a high level of protection of the environment taken as a whole.\r\n\r\nNo questions are defined yet.','1999-11-09','DG XI European Commission','1996-10-10',NULL,NULL),(274,0,'96/62/CEE','Council Directive 96/62/EC of 27 September 1996 on ambient air quality assessment and management','CELEX document number 396L0062','Council Directive 96/62/EC of 27 September 1996 on ambient air quality assessment and management','http://europa.eu.int/eur-lex/en/lif/dat/1996/en_396L0062.html',NULL,NULL,'Directive: 96/62/EC',NULL,NULL,NULL,'The general aim of this Directive is to define the basic principles of a common strategy to:\r\n- define and establish objectives for ambient air quality in the Community designed to avoid, prevent or reduce harmful effects on human health and the environment as a whole,\r\n- assess the ambient air quality in Member States on the basis of common methods and criteria,\r\n- obtain adequate information on ambient air quality and ensure that it is made available to the public, inter alia by means of alert thresholds,\r\n- maintain ambient air quality where it is good and improve it in other cases.','1998-12-01','DG XI European Commission','1996-11-21',NULL,NULL),(287,0,'93R259','Council Regulation (EEC) No 259/93 of 1 February 1993 on the supervision and control of shipments of waste within, into and out of the European Community','CELEX document number 393R0259','Council Regulation (EEC) No 259/93 of 1 February 1993 on the supervision and control of shipments of waste within, into and out of the European Community','http://europa.eu.int/eur-lex/en/lif/dat/1993/en_393R0259.html',NULL,NULL,'Regulation: 259/93/EEC',NULL,NULL,NULL,'This Regulation shall apply to shipments of waste within, into and out of the Community','2000-01-20','DG XI European Commission','1993-02-06',NULL,NULL),(344,0,'Montreal','Montreal Protocol on substances that deplete the ozone layer - Declaration by the European Economic Community','CELEX document number 288A1031(02)','Montreal Protocol on Substances depleting the Ozone Layer','http://europa.eu.int/eur-lex/en/lif/dat/1988/en_288A1031_02.html',NULL,NULL,'Agreement',NULL,NULL,NULL,'The Montreal Protocol was signed on September 16, 1987, in Montreal, Quebec. The focus of the Montreal Protocol is the control of production and consumption of bulk Ozone Depleting Substances. \r\n(Consumption is defined as production + imports - exports)\r\n\r\n88/540/EEC: Council Decision of 14 October 1988 concerning the conclusion of the Vienna Convention for the protection of the ozone layer and the Montreal Protocol on substances that deplete the ozone layer','2000-03-30','United Nations','1988-10-31',NULL,NULL),(345,0,'Pd 96/1','PARCOM Decision 96/1 on the phasing-out of the use of hexachloroethane in the non-ferrous metal industry','CELEX document number 298A0328(02)','PARCOM Decision 96/1 on the phasing-out of the use of hexachloroethane in the non-ferrous metal industry','http://europa.eu.int/eur-lex/en/lif/dat/1998/en_298A0328_02.html',NULL,NULL,'Agreement',NULL,NULL,NULL,'Decision 98/1 of the OSPAR Convention decided that the decision Pd 96/1 will continue to be applicable, unaltered in its legal nature.','1998-12-01','OSPAR Commission','1998-03-28',NULL,NULL),(350,0,'Emergency protocol (MAP)','Protocol concerning cooperation in combating pollution of the Mediterranean Sea by oil and other harmful substances in cases of emergency','CELEX document number 276A0216(02)','Protocol concerning Cooperation in combating pollution of the Mediterranean sea by oil and other harmful substances in cases of emergency','http://europa.eu.int/eur-lex/en/lif/dat/1976/en_276A0216_02.html',NULL,NULL,'Agreement',NULL,NULL,NULL,' The Protocol (to the Barcelona convention) was adopted on 16 February 1976 and entered into force on 12 February 1978. The reporting is due in the event of pollution. The Contracting Parties to this Protocol shall cooperate in taking the necessary measures in cases of grave and imminent danger to the marine environment, the coast or related interests of one or more of the Parties due to the presence of massive quantities of oil or other harmful substances resulting from accidental causes or an accumulation of small discharg-es which are polluting or threatening to pollute the sea.','2000-03-29','MAP Coordinating Unit','1981-06-19',NULL,NULL),(351,0,'Specially protected areas (MAP)','Protocol concerning specially protected areas and biological diversity in the Mediterranean','CELEX document number 299A1214(01)','Protocol concerning Specially Protected Areas and Biological Diversity in the Mediterranean sea','http://europa.eu.int/eur-lex/en/lif/dat/1999/en_299A1214_01.html',NULL,NULL,'Protocol to protect the variability among living organisms from all sources including, inter alia, terrestrial, marine and other aquatic ecosystems and the ecological complexes of which they are part, according the  Convention for the protection of the Mediterranean Sea against Pollution, adopted at Barcelona on 16 February 1976 and amended at Barcelona in 1995',NULL,NULL,NULL,'The Protocol (to the Barcelona convention), concerning Mediterranean Specially Protected Areas adopted in 1982 and entered into force in 1986. The original protocol was amended in 1995. The amended Protocol, recorded as \"Protocol concerning Specially Protected Areas and Biological Diversity in the Mediterranean\", has entered into force in 1999. The Annexes to the Protocol were adopted on 24 November 1996. Each Party shall take the necessary measures to protect, preserve and manage in a sustainable and environmentally sound way areas of particular natural or cultural value, notably by the establishment of specially protected areas and protect, preserve and manage threatened or endangered species of flora and fauna.\r\n\r\n','2000-04-27','MAP Coordinating Unit','1999-12-25',NULL,NULL),(376,0,'WFD','A framework for community action in the field of water policy : Common Position 41/1999',NULL,'A framework for community action in the field of water policy : Common Position 41/1999','http://www.europa.eu.int/eur-lex/en/com/pdf/1999/en_599PC0271.pdf',NULL,NULL,NULL,NULL,NULL,NULL,'The framework directive is still only a Common Position which is currently inconciliation under the co-decision process. The river basin management plans will be reviewed 16 years from the entry into force of the Directive and every 6 years thereafter',NULL,'DG XI European Commission',NULL,NULL,NULL),(377,0,'MAP','Action plan for the protection of the marine environment and the sustainable development of the coastal areas of the Mediterranean (MAP phase 2)',NULL,'Action plan for the protection of the marine environment and the sustainable development of the coastal areas of the Mediterranean (MAP phase 2)','http://www.unepmap.org/',NULL,NULL,NULL,NULL,NULL,NULL,'The Mediterranean Action Plan (MAP) strives to protect the environment and to foster development in the Mediterranean Basin. It was adopted in Barcelona, Spain in 1975 by 16 Mediterranean States and the EC, under the auspices of the United Nations Environment Programme (UNEP). Its legal framework comprises the Barcelona Convention adopted in 1976 and revised in 1995, and six Protocols covering specific aspects of environmental protection. It includes the Barcelona Resolution and the Priority Fields of Activities for the period to the year 2005',NULL,'MAP Coordinating Unit','1995-06-09',NULL,NULL),(378,0,'AMAP','Arctic Monitoring and Assessment Programme',NULL,'Arctic Monitoring and Assessment Programme','http://www.amap.no/',NULL,NULL,NULL,NULL,NULL,NULL,'The Arctic Monitoring and Assessment Programme (AMAP) was established in 1991 to implement certain components of the AEPS. Its \'objective is to provide reliable and sufficient information on the status of, threats to, the Arctic environment, and providing scientific advice on actions to be taken in order to support Arctic governments in their efforts to take remedial and preventive actions relating to contaminants. This \'AMAP area\' essentially includes the terrestrial and marine areas north of the Arctic Circle (66°32N), and north of 62°N in Asia and 60°N in North America, modified to include the marine areas north of the Aleutian chain, Hudson Bay, and parts of the North Atlantic Ocean including the Labrador Sea. ',NULL,'Arctic council','1991-01-01',NULL,NULL),(379,0,'95/337/CE','Commission Decision 95/337/CE of 25 July 1995 amending Decision 92/446/EEC of 27 July 1992 concerning questionnaires relating to directives in the water sector',NULL,'Commission Decision 95/337/CE of 25 July 1995 amending Decision 92/446/EEC of 27 July 1992 concerning questionnaires relating to directives in the water sector','http://www.europa.eu.int/eur-lex/en/lif/dat/1995/en_395D0337.html',NULL,NULL,NULL,NULL,NULL,NULL,'The Member States are required to draw up a report on the implementation of certain Community Directives on the basis of questionnaires or outlines drawn up by the Commission; whereas, according to Article 6 of Directive 91/692/EEC - Adoption of the questionnaires/outlines (Annex of Decision 92/446/EEC is replaced by the Annex of the present Decision) : \r\nI. Outline of the questionnaire on the following Directives:\r\n- Council Directive 76/464/EEC of 4 May 1976 on pollution caused by certain dangerous substances discharged into the aquatic environment of the Community,\r\n- Council Directive 82/176/EEC of 22 March 1982 on limit values and quality objectives for mercury discharges by the chloralkali electrolysis industry (1),\r\n- Council Directive 83/513/EEC of 26 September 1983 on limit values and quality objectives for cadmium discharges (2),\r\n- Council Directive 84/156/EEC of 8 March 1984 on limit values and quality objectives for mercury discharges by sectors other than the chloralkali electrolysis industry (3),\r\n- Council Directive 84/491/EEC of 9 October 1984 on limit values and quality objectives for discharges of hexachlorocyclohexane (4) and\r\n- Council Directive 86/280/EEC of 12 June 1986 on limit values and quality objectives for discharges of certain dangerous substances included in list I of the Annex to Directive 76/464/EEC (5),\r\nas last amended by Directive 91/692/EEC.\r\nII. Outline of the questionnaire on Council Directive 78/659/EEC of 18 July 1978 on the quality of fresh waters needing protection or improvement in order to support fish life (6), as last amended by Directive 91/692/EEC.\r\nIII. Outline of the questionnaire on Council Directive 78/176/EEC of 20 February 1978 on waste from the titanium dioxide industry, as amended by Directive 83/29/EEC (7), and last by Directive 91/692/EEC.\r\nIV. Outline of the questionnaire on Council Directive 79/923/EEC of 30 October 1979 on the quality required of shellfish waters (8), as last amended by Directive 91/692/EEC.\r\nV. Outline of the questionnaire on Council Directive 80/68/EEC of 17 December 1979 on the protection of groundwater against pollution caused by certain dangerous substances (9), as last amended by Directive 91/692/EEC.\r\nVIA. Outline of the questionnaire on Council Directive 75/440/EEC of 16 June 1975 concerning the quality required of surface water intended for the abstraction of drinking water in the Member States, as last amended by Directive 91/692/EEC;\r\nVIB. Outline of the questionnaire on Council Directive 79/869/EEC of 9 October 1979 concerning the methods of measurement and frequencies of sampling and analysis of surface water intended for the abstraction of drinking water in the Member States (10), as last amended by Directive 91/692/EEC.\r\nVII. Outline of the questionnaire on Council Directive 80/778/EEC of 15 July 1980 relating to the quality of water intended for human consumption, as last amended by Directive 91/692/EEC.\r\nVIII. Outline of the questionnaire on Council Directive 76/160/EEC of 8 December 1975 concerning the quality of bathing water, as last amended by Directive 91/692/EEC.',NULL,'DG XI European Commission',NULL,NULL,NULL),(380,0,'97/138/CE','Commission Decision 97/138/CE of 3 February 1997 establishing the formats relating to the database system pursuant to European Parliament and Council Directive 94/62/EC on packaging and packaging waste',NULL,'Commission Decision 97/138/CE of 3 February 1997 establishing the formats relating to the database system pursuant to European Parliament and Council Directive 94/62/EC on packaging and packaging waste','http://www.europa.eu.int/eur-lex/en/lif/dat/1997/en_397D0138.html',NULL,NULL,NULL,NULL,NULL,NULL,'This Decision, which covers all packaging placed in the market in the Community and all packaging waste, as indicated in Article 2 (1) of Directive 94/62/EC, aims to establish the formats relating to the database systems on packaging and packaging waste which are to be established in order to contribute to enabling Member States and the Commission to monitor the implementation of the objectives set out in Directive 94/62/EC.\r\nThese formats are intended to harmonize the characteristics and presentation of the data produced and to make the data of the Member States compatible. They shall be completed on an annual basis, starting with data for the year 1997 and covering the whole of each calendar year, and shall be provided to the Commission within 18 months of the end of the relevant year. They shall also be made available to the Commission with the national reports to be completed in accordance with Article 17 of Directive 94/62/EC.',NULL,'DG XI European Commission','1997-02-03',NULL,NULL),(381,0,'EPER','Commission decision concerning the implementation of a European Pollutant Emission Register (EPER)',NULL,'Commission decision concerning the implementation of a European Pollutant Emission Register (EPER)',NULL,NULL,NULL,NULL,NULL,NULL,NULL,'Implementation of a EPER according to article 15 of the Council Directive 96/61/EC (IPPC)',NULL,'DG XI European Commission',NULL,NULL,NULL),(382,0,'1999/412/CE','Commission Decision of 3 June 1999 concerning a questionnaire for the reporting obligation of Member States pursuant to Article 41(2) of Council Regulation (EEC) No 259/93',NULL,'Commission Decision of 3 June 1999 concerning a questionnaire for the reporting obligation of Member States pursuant to Article 41(2) of Council Regulation (EEC) No 259/93','http://www.europa.eu.int/eur-lex/fr/lif/dat/1999/fr_399D0412.html',NULL,NULL,NULL,NULL,NULL,NULL,'Décision de la Commission, du 3 juin 1999, concernant un questionnaire à remplir par les États membres dans le cadre, de l\'obligation d\'information prévue par l\'article 41, paragraphe 2, du réglement (CEE) n° 259/93 du Conseil',NULL,'DG XI European Commission','1999-06-03',NULL,NULL),(383,0,'1999/391/CE','Commission Decision of 31 May 1999 concerning the questionnaire relating to Council Directive 96/61/EC concerning integrated pollution prevention and control (IPPC)',NULL,'Commission Decision of 31 May 1999 concerning the questionnaire relating to Council Directive 96/61/EC concerning integrated pollution prevention and control (IPPC)','http://www.europa.eu.int/eur-lex/fr/lif/dat/1999/fr_399D0391.html',NULL,NULL,NULL,NULL,NULL,NULL,'questionnaire attached to this Decision is related to Council Directive 96/61/EC concerning integrated pollution prevention and control',NULL,'DG XI European Commission','1999-05-31',NULL,NULL),(384,0,'MNZ','Conférence Internationale sur la protection de la Mer du Nord',NULL,'Conférence Internationale sur la protection de la Mer du Nord',NULL,NULL,NULL,NULL,NULL,NULL,NULL,NULL,NULL,'MNZ Commission',NULL,NULL,NULL),(385,0,'ICES','Convention for the International Council for the Exploration of the Sea',NULL,'Convention for the International Council for the Exploration of the Sea','http://www.ices.dk',NULL,NULL,NULL,NULL,NULL,NULL,'ICES is the international science organisation studying and helping to safeguard North Atlantic marine ecosystems and the living resources they sustain\r\nAs a leading scientific forum for the exchange of information and ideas on the sea and its living resources, and for the promotion and coordination of marine research by scientists within its member countries; the ICES Secretariat in Denmark maintains three databanks, the Oceanographic databank, the Fisheries databank, and the Environmental (marine contaminants) databank',NULL,'ICES','2005-05-17',NULL,NULL),(386,0,'Barcelona convention (MAP)','Convention for the protection of the marine environment and the coastal region of the Mediterranean sea',NULL,'Convention for the protection of the marine environment and the coastal region of the Mediterranean sea','http://www.unepmap.org/',NULL,NULL,NULL,NULL,NULL,NULL,'The Convention  fotr the Protection of the Mediterranean sea against pollution was adopted oin Barcelona in 1976.  The convention entered into force on 12 February 1978. The amended convention, adopted in 1995,  recorded as \"Convention for the protection of the Marine Environment and the Coastal Region of the Mediterranean sea\", has not yet entered into force.\r\nSix protocols covering specficic aspects (dumping, emergeny, land base sources, specially protected area, offshore, hazardous wastes) have been adopted. ',NULL,'MAP Coordinating Unit','1978-02-12',NULL,NULL),(387,0,'LRTAP','Convention on Long-Range Transboundary Air Pollution',NULL,'Convention on Long-Range Transboundary Air Pollution','http://www.europa.eu.int/eur-lex/en/lif/dat/1981/en_381D0462.html',NULL,NULL,NULL,NULL,NULL,NULL,'81/462/EEC: Council Decision of 11 June 1981 on the conclusion of the Convention on long-range transboundary air pollution \r\nThe 1979 Geneva Convention on Long-range Transboundary Air Pollution was signed in 1979 and entered into force in 1983. Since its entry into force the Convention has been extended by seven protocols: \r\nThe 1984 Protocol on Long-term Financing of the Cooperative Programme for Monitoring and Evaluation of the Long-range Transmission of Air Pollutants in Europe (EMEP); \r\nThe 1985 Protocol on the Reduction of Sulphur Emissions or their Transboundary Fluxes by at least 30 per cent; \r\nThe 1988 Protocol concerning the Control of Nitrogen Oxides or their Transboundary Fluxes; \r\nThe 1991 Protocol concerning the Control of Emissions of Volatile Organic Compounds or their Transboundary Fluxes; \r\nThe 1994 Protocol on Further Reduction of Sulphur Emissions. \r\nThe 1998 Protocol on Heavy Metals; and \r\nThe 1998 Protocol on Persistent Organic Pollutants (POPs).\r\nIn 1996, the Executive Body started negotiating a new multieffect, multipollutant protocol on nitrogen oxides and related substances, addressing photochemical pollution, acidification and eutrophication, with the aim of concluding negotiations in 1999.',NULL,'United Nations','1979-11-13',NULL,NULL),(388,0,'Black Sea convention','Convention on the protection of the Black Sea against pollution 1992',NULL,'Convention on the protection of the Black Sea against pollution 1992','http://www.dominet.com.tr/blacksea/',NULL,NULL,NULL,NULL,NULL,NULL,'The \"Bucharest Convention\" includes a basic framework of agreement and three specific Protocols on the control of land-based sources of pollution; dumping of waste, and joint action in the case of accidents (such as oil spills).There are no reporting obligations for this Convention.',NULL,'Black Sea Environment Program',NULL,NULL,NULL),(389,0,'IMO','Conventions establishing the International Maritime Organisation',NULL,'Conventions establishing the International Maritime Organisation','http://www.imo.org',NULL,NULL,NULL,NULL,NULL,NULL,'The International Maritime Organization is the United Nations\' specialized agency responsible for improving maritime safety and preventing pollution from ships. Around 40 conventions and protocols have been adopted by the Organization and most of them have been amended on several occasions to ensure that they are kept up to date with changes taking place in world shipping. \r\nThere are reporting obligations here but they are not Environmental obligations, mostly technical and not requiring monitoring or assessment data on state of the environment or pressures on the environment, so they have not been included here. They may need to be considered later if information is needed for Reponses to environmental problems in the DPSIR scheme. They are not legal except for those  incorporated into international laws.',NULL,'International Maritime Organisation','1958-03-17',NULL,NULL),(390,0,'77/586/CEE','Council Decision 77/586/CEE of 25 July 1977 concluding the Convention for the protection of the Rhine against chemical pollution and an Additional Agreement to the Agreement, signed in Berne on 29 April 1963, concerning the International Commission for the Protection of the Rhine against Pollution',NULL,'Council Decision 77/586/CEE of 25 July 1977 concluding the Convention for the protection of the Rhine against chemical pollution and an Additional Agreement to the Agreement, signed in Berne on 29 April 1963, concerning the International Commission for th','http://www.europa.eu.int/eur-lex/en/lif/dat/1977/en_377D0586.html',NULL,NULL,NULL,NULL,NULL,NULL,'Au termes de la Convention, les Etats membres prennent des mesures nécessaires pour éliminer la pollution des eaux de surface du Rhin par les substances particulièrement nocives énumérées en son annexe I et pour réduire la pollution des eaux par des substances dangereuses figurant en annexe II. Afin d\'atteindre ces objectifs, les rejets des substances de l\'annexe I sont soumis à autorisation préalable. Cette autorisation doit mentionner les valeurs d\'émission qui limitent la concentration maximale d\'uns substance admissible dans les rejets. De même, les rejets des substances figurant à l\'annexe II font l\'objet d\'une réglementation par les autorités nationales aux fins de les limiter sévèrement.\r\nLes décisions de la commission du Rhin ne sont pas juridiquement contraignantes.',NULL,'DG XI European Commission','1977-09-19',NULL,NULL),(391,0,'85/337/CEE','Council Decision 85/337/CEE of 27 july 1985) concerning the adoption of  a work programme concerning an experimental project for gathering, coordinating and ensuring the consistency of information on the state of the environment and natural resources in the Community',NULL,'Council Decision 85/337/CEE of 27 july 1985) concerning the adoption of  a work programme concerning an experimental project for gathering, coordinating and ensuring the consistency of information on the state of the environment and natural resources in t','http://www.europa.eu.int/eur-lex/en/lif/dat/1985/en_385D0337.html',NULL,NULL,NULL,NULL,NULL,NULL,'The work programme CORINE includes a project to gather and organise information on emissions into the air - CORINAIR. The goal of Corinair is to provide a complete, consistent and transparent air pollutant emission inventory for Europe within a reasonable timescale to enable widespread use of the inventory for policy, research and other purposes. \r\nThe European Environment Agency was established by EC Regulation 1210/90 and commenced operation in Copenhagen on 30 October 1993. The European Topic Centre on Air Emissions (ETC/AEM) has been designated to address the air emissions inventory problematic. The ETC/AEM prepared a first report \'Review of Corinair 90 - Proposals for Air Emissions 94\' which sets out its proposals on how to develop annual atmospheric emissions from 1994 onwards. In late 1995 the ETC/AEM developed the Corinair system in line with these proposals and in 1996 started to work with national experts to help them prepare the 1994 annual inventory and make the results available to the widest possible range of users.',NULL,'European Environmental Agency','1990-01-01',NULL,NULL),(392,0,'91/598/CEE','Council Decision 93/114/CEE of 15 February 1993 concerning the conclusion of the Protocol to the Convention of 8 October 1990 between the Governments of the Federal Republic of Germany and of the Czech and Slovak Federal Republic and the European Economic Community on the International Commission for the Protection of the Elbe',NULL,'Council Decision 93/114/CEE of 15 February 1993 concerning the conclusion of the Protocol to the Convention of 8 October 1990 between the Governments of the Federal Republic of Germany and of the Czech and Slovak Federal Republic and the European Economic','http://www.europa.eu.int/eur-lex/fr/lif/dat/1991/fr_391D0598.html',NULL,NULL,NULL,NULL,NULL,NULL,NULL,NULL,'DG XI European Commission','1993-02-23',NULL,NULL),(393,0,'90/160/EEC','Council Decision of 22 March 1990 concerning the conclusion of the Agreement between the Federal Republic of Germany and the European Economic Community, on the one hand, and the Republic of Austria, on the other, on cooperation on management of water resources in the Danube Basin',NULL,'Council Decision of 22 March 1990 concerning the conclusion of the Agreement between the Federal Republic of Germany and the European Economic Community, on the one hand, and the Republic of Austria, on the other, on cooperation on management of water res','http://www.europa.eu.int/eur-lex/en/lif/dat/1990/en_390D0160.html',NULL,NULL,NULL,NULL,NULL,NULL,'The Agreement between the Federal Republic of Germany and the European Economic Community, on the one hand, and the Republic of Austria, on the other, on cooperation on management of water resources in the Danube Basin is hereby approved on behalf of the European Economic Community. ',NULL,'DG XI European Commission','1990-04-05',NULL,NULL),(394,0,'95/308/CEE','Council Decision of 24 July 1995 on the conclusion, on behalf of the Community, of the Convention on the protection and use of transboundary watercourses and international lakes',NULL,'Council Decision of 24 July 1995 on the conclusion, on behalf of the Community, of the Convention on the protection and use of transboundary watercourses and international lakes','http://www.europa.eu.int/eur-lex/en/lif/dat/1995/en_395D0308.html',NULL,NULL,NULL,NULL,NULL,NULL,'The Convention on the protection and use of transboundary watercourses and international lakes is hereby approved on behalf of the European Community.',NULL,'DG XI European Commission','1995-08-05',NULL,NULL),(395,0,'97/825/CEE','Council Decision of 24 November 1997 concerning the conclusion of the Convention on cooperation for the protection and sustainable use of the river Danube',NULL,'Council Decision of 24 November 1997 concerning the conclusion of the Convention on cooperation for the protection and sustainable use of the river Danube','http://www.europa.eu.int/eur-lex/en/lif/dat/1997/en_397D0825.html',NULL,NULL,NULL,NULL,NULL,NULL,'The Convention on cooperation for the protection and sustainable use of the river Danube is hereby approved on behalf of the Community.\r\n',NULL,'DG XI European Commission','1997-12-12',NULL,NULL),(396,0,'1999/257/CE','Council Decision of 29 March 1999 concerning the conclusion of the Convention on the International Commission for the Protection of the Oder',NULL,'Council Decision of 29 March 1999 concerning the conclusion of the Convention on the International Commission for the Protection of the Oder','http://www.europa.eu.int/eur-lex/en/lif/dat/1999/en_399D0257.html',NULL,NULL,NULL,NULL,NULL,NULL,'The Contracting Parties shall cooperate  to prevent the pollution of the Oder and the Stettiner Haff, including their drainage areas. See ODER Convention',NULL,'DG XI European Commission',NULL,NULL,NULL),(397,0,'90/667/CEE','Council Directive 90/667/EEC of 27 November 1990 laying down the veterinary rules for the disposal and processing of animal waste, for its placing on the market and for the prevention of pathogens in feedstuffs of animal or fish origin and amending Directive 90/425/EEC',NULL,'Council Directive 90/667/EEC of 27 November 1990 laying down the veterinary rules for the disposal and processing of animal waste, for its placing on the market and for the prevention of pathogens in feedstuffs of animal or fish origin and amending Direct','http://www.europa.eu.int/eur-lex/en/lif/dat/1990/en_390L0667.html',NULL,NULL,NULL,NULL,NULL,NULL,'This Directive lays down:\r\n(a) the animal and public health requirements for the:\r\ni(i) disposal and/or processing of animal waste in order to destroy pathogens which might be present in such materials,\r\n(ii) production of feedingstuffs of animal origin in such manner as to prevent the presence of any pathogens therein;\r\n(b) the rules for the placing on the market of animal\r\nwaste intended for purposes other than human consumption.',NULL,'DG XI European Commission','1991-12-31',NULL,NULL),(399,0,'ETC/Waste EU 98','ETC/Waste - EU 98 state of the environment report data collection',NULL,'ETC/Waste - EU 98 state of the environment report data collection',NULL,NULL,NULL,NULL,NULL,NULL,NULL,NULL,NULL,'European Environmental Agency',NULL,NULL,NULL),(400,0,'ETC/Waste','ETC/Waste - Questionnaire for harmonising data for 1993-1996 for municipal waste and household waste',NULL,'ETC/Waste - Questionnaire for harmonising data for 1993-1996 for municipal waste and household waste',NULL,NULL,NULL,NULL,NULL,NULL,NULL,'The existing data for household waste and municipal waste per inhabitant varies significantly between the Member States\r\nAt this stage, it is not clear if, and to what extent the variations are due to real differences in waste generation and waste policy or to different definitions of waste, different collection of data etc.\r\nThe OECD and Eurostat are continuously working on improving their questionnaires on waste statistics in order to improve the comparability of future waste data. Eurostat is also working on a regulation on waste statistics which in more detail will regulate the Member States\' waste statistics.\r\nUntil progress has been made, however, it is considered important to scrutinise the existing waste data on municipal waste and household waste in order to improve the comparability of already registered data.\r\nThe ETCIW in close co-operation with Eurostat bas structured an information table for the years 1993-96- The table is a combination of table 1.a and table 3 in the latest OECD/Eurostat questionnaire from 1996. We have chosen some waste fractions which should be commonly known and also related to waste fractions used in the OECD/Eurostat questionnaire.\r\nIn order to progress, the ETCIW bas filled in for your country already reported aggregated data for municipal waste and household waste 1993-96- We have stated the sources for these data. We kindly request you to state whether these aggregated data can be split up in more detail\r\nFour tables and one annex have been prepared :\r\nTable 1 is information about household waste and municipal waste-\r\nTable 2 is only for countries with separate collection of household waste in addition to collections by or on behalf of the municipality- E.g., it can be waste from the DUAL system or waste paper collected by churches, clubs, private collectors.\r\nTable 3 Specific questions to each country\r\nFor some countries we have prepared specific questions about how the existing figures shall be interpreted- We kindly ask you to answer these questions-\r\nTable 4 method for data collection\r\nAt the European level, we do not at the moment know very much about how the Member States collect waste data. On the basis of the existing overview of statistical methodologies for data collection on waste, the ETCIW bas prepared questions on collection of household waste data and municipal waste data.',NULL,'European Environmental Agency',NULL,NULL,NULL),(401,0,'ETC/Waste','ETC/Waste - Questionnaire on the availabilty of Data on Waste management waste facilities',NULL,'ETC/Waste - Questionnaire on the availabilty of Data on Waste management waste facilities',NULL,NULL,NULL,NULL,NULL,NULL,NULL,'On behalf of the European Environment Agency, the European Topic Centre on Waste (ETC/W) is developing a database on waste management facilities. The database shall help develop a sustainable approach to waste management by ensuring that the capacity of recovery and safe disposal facilities is adequate to handle the different types and amounts of waste generated. Another important aim is to provide the technical facility to record information on waste management facilities needed to fulfil the obligations of Member States to report to the European Commission (e.g. according to Council Directive on hazardous waste 91/689/EEC)\r\nThe database will be constructed step by step. The initial task is to carry out a survey on already existing databases and data on waste management facilities in the EEA Member States. Thus, you will find attached a questionnaire with five main questions, four of which are concerned with the database on waste management facilities. Question 5 is related to the EU State of the Environment Report 1998 being prepared by the EEA with the assistance of i.a. the ETC/W',NULL,'European Environmental Agency',NULL,NULL,NULL),(402,0,'ETC/Waste','ETC/Waste - Questionnaire on waste management facilities',NULL,'ETC/Waste - Questionnaire on waste management facilities',NULL,NULL,NULL,NULL,NULL,NULL,NULL,'questionnaire sent to all centers on clean technology and waste management in order to update information',NULL,'European Environmental Agency',NULL,NULL,NULL),(403,0,'Eurostat/Air','Eurostat / OECD joint questionnaire - Air 1998\r\nStatistical Office of the European Communities\r\nEnvironment Statistics\r\nWorking Party on Environment Statistics\r\nOrganisation for Economic Co-operation and Development',NULL,'Eurostat / OECD joint questionnaire - Air 1998\r\nStatistical Office of the European Communities\r\nEnvironment Statistics\r\nWorking Party on Environment Statistics\r\nOrganisation for Economic Co-operation and Development',NULL,NULL,NULL,NULL,NULL,NULL,NULL,'The main objective of this questionnaire is to gather the best available environmental data in Member countries and to promote international harmonisation of these data. It has been adopted in the course of several meetings organised jointly by OECD and Eurostat with the co-operation of the United Nations Economic Commission for Europe (UN-ECE) in Geneva.',NULL,'EUROSTAT-OECD',NULL,NULL,NULL),(404,0,'Eurostat/Expenditure','Eurostat / OECD joint questionnaire - Environmental expenditures 1998\r\nStatistical Office of the European Communities\r\nEnvironment Statistics\r\nWorking Party on Environment Statistics\r\nOrganisation for Economic Co-operation and Developmentexpenses 1998',NULL,'Eurostat / OECD joint questionnaire - Environmental expenditures 1998\r\nStatistical Office of the European Communities\r\nEnvironment Statistics\r\nWorking Party on Environment Statistics\r\nOrganisation for Economic Co-operation and Developmentexpenses 1998',NULL,NULL,NULL,NULL,NULL,NULL,NULL,'The main objective of this questionnaire is to gather the best available environmental data in Member countries and to promote international harmonisation of these data. It has been adopted in the course of several meetings organised jointly by OECD and Eurostat with the co-operation of the United Nations Economic Commission for Europe (UN-ECE) in Geneva.',NULL,'EUROSTAT-OECD',NULL,NULL,NULL),(405,0,'Eurostat/Water','Eurostat / OECD joint questionnaire - Inland Waters 1998\r\nStatistical Office of the European Communities\r\nEnvironment Statistics\r\nWorking Party on Environment Statistics\r\nOrganisation for Economic Co-operation and Development',NULL,'Eurostat / OECD joint questionnaire - Inland Waters 1998\r\nStatistical Office of the European Communities\r\nEnvironment Statistics\r\nWorking Party on Environment Statistics\r\nOrganisation for Economic Co-operation and Development',NULL,NULL,NULL,NULL,NULL,NULL,NULL,'The main objective of this questionnaire is to gather the best available environmental data in Member countries and to promote international harmonisation of these data. It has been adopted in the course of several meetings organised jointly by OECD and Eurostat with the co-operation of the United Nations Economic Commission for Europe (UN-ECE) in Geneva.',NULL,'EUROSTAT-OECD',NULL,NULL,NULL),(406,0,'Eurostat/Marine','Eurostat / OECD joint questionnaire - Marine Environment 1998',NULL,'Eurostat / OECD joint questionnaire - Marine Environment 1998',NULL,NULL,NULL,NULL,NULL,NULL,NULL,'The main objective of this questionnaire is to gather the best available environmental data in Member countries and to promote international harmonisation of these data. It has been adopted in the course of several meetings organised jointly by OECD and Eurostat with the co-operation of the United Nations Economic Commission for Europe (UN-ECE) in Geneva.',NULL,'EUROSTAT-OECD',NULL,NULL,NULL),(407,0,'Eurostat/Noise','Eurostat / OECD joint questionnaire - Noise 1998\r\nStatistical Office of the European Communities\r\nEnvironment Statistics\r\nWorking Party on Environment Statistics\r\nOrganisation for Economic Co-operation and Development',NULL,'Eurostat / OECD joint questionnaire - Noise 1998\r\nStatistical Office of the European Communities\r\nEnvironment Statistics\r\nWorking Party on Environment Statistics\r\nOrganisation for Economic Co-operation and Development',NULL,NULL,NULL,NULL,NULL,NULL,NULL,'The main objective of this questionnaire is to gather the best available environmental data in Member countries and to promote international harmonisation of these data. It has been adopted in the course of several meetings organised jointly by OECD and Eurostat with the co-operation of the United Nations Economic Commission for Europe (UN-ECE) in Geneva.',NULL,'EUROSTAT-OECD',NULL,NULL,NULL),(408,0,'Eurostat/Waste','Eurostat / OECD joint questionnaire - Waste 1998\r\nStatistical Office of the European Communities\r\nEnvironment Statistics\r\nWorking Party on Environment Statistics\r\nOrganisation for Economic Co-operation and Development',NULL,'Eurostat / OECD joint questionnaire - Waste 1998\r\nStatistical Office of the European Communities\r\nEnvironment Statistics\r\nWorking Party on Environment Statistics\r\nOrganisation for Economic Co-operation and Development',NULL,NULL,NULL,NULL,NULL,NULL,NULL,'The main objective of this questionnaire is to gather the best available environmental data in Member countries and to promote international harmonisation of these data. It has been adopted in the course of several meetings organised jointly by OECD and Eurostat with the co-operation of the United Nations Economic Commission for Europe (UN-ECE) in Geneva.',NULL,'EUROSTAT-OECD',NULL,NULL,NULL),(409,0,'UN/CSD','Indicators of Sustainable Development - framework and methodologies \r\nUnited Nations - Commision on Sustainable Developpement (August 1996)',NULL,'Indicators of Sustainable Development - framework and methodologies \r\nUnited Nations - Commision on Sustainable Developpement (August 1996)',NULL,NULL,NULL,NULL,NULL,NULL,NULL,'Agenda 21 (Rio Summit) calls for countries, international organizations and NGO\'s to develop and use indicators of sustainable development. The Commission on Sustainable Development adopted a work programme on indicators for sustainable development. The work programme included a list of 130 indicators organized in the Driving Force, State, Response framework. The indicators are intended for the use at the national level by countries in their decision making processes. Not all indicators will be applicable in every situation. It is understood that countries will choose to use from among these indicators relevant to national priorities, goals and targets. To facilitate the use of these indicators and test their practicability at the same time, methodology sheets have been developed.',NULL,'United Nations',NULL,NULL,NULL),(410,0,'PARCOM & OSCOM R 95/1','Joint PARCOM and OSCOM Recommendation 95/1 on the joint assessment and monitoring programme',NULL,'Joint PARCOM and OSCOM Recommendation 95/1 on the joint assessment and monitoring programme',NULL,NULL,NULL,NULL,NULL,NULL,NULL,'Decision 98/1 of the OSPAR Convention decided that the recommendation PARCOM & OSCOM R 95/1 will continue to be applicable, unaltered in its legal nature.',NULL,'OSPAR Commission','1999-02-09',NULL,NULL),(411,0,'Kyoto','Kyoto Protocol to the United Nations Framework Convention on Climate Change',NULL,'Kyoto Protocol to the United Nations Framework Convention on Climate Change','http://www.europa.eu.int/eur-lex/en/lif/dat/1994/en_394D0069.html',NULL,NULL,NULL,NULL,NULL,NULL,'The Climate Change Convention entered into force on 21 March 1994.\r\nAdopted in 1992 at the Rio Earth Summit, most members of the Organization for Economic Cooperation and Development (OECD) plus the states of Central and Eastern Europe - known collectively as Annex I countries - are committed to adopting policies and measures aimed at returning their greenhouse-gas emissions to 1990 levels by the year 2000.  All Parties will develop and submit \"national communications\" containing inventories of greenhouse-gas emissions by source and greenhouse-gas removals by \"sinks\".\r\n\r\nThe Kyoto Protocol to the United Nations Framework Convention on Climate Change was adopted by consensus at the third session of the Conference of the Parties (COP-3) in December 1997, it contains new emissions targets developed countries. They commit themselves to reduce  their collective emissions of six key greenhouse gases by at least 5%. Each country\'s emissions target must be achieved by the period 2008-2012. Cuts in the three most important gases - carbon dioxide (CO2), methane (CH4), and nitrous oxide (N20) - will be measured against a base year of 1990. Cuts in three long-lived industrial gases - hydrofluorocarbons (HFCs), perfluorocarbons (PFCs), and sulphur hexafluoride (SF6) - can be measured against either a 1990 or 1995 baseline. \r\n\r\nThe Protocol was opened for signature for one year starting 16 March 1998. It will enter into force 90 days after it has been ratified by at least 55 Parties to the Convention, including developed countries representing at least 55% of the total 1990 carbon dioxide emissions from this group. In the meantime, governments will continue to carry out their commitments under the Climate Change Convention.',NULL,'United Nations','1997-04-15',NULL,NULL),(412,0,'OSCOM d 95/1','OSCOM Decision 95/1 on the disposal of offshore installations',NULL,'OSCOM Decision 95/1 on the disposal of offshore installations',NULL,NULL,NULL,NULL,NULL,NULL,NULL,'Decision 98/1 of the OSPAR Convention decided that the decision OSCOM d 95/1 will continue to be applicable, unaltered in its legal nature.',NULL,'OSPAR Commission','1999-02-09',NULL,NULL),(413,0,'OSCOM R 88/1','OSCOM Recommendation 88/1 concerning the export of wastes for disposal at sea',NULL,'OSCOM Recommendation 88/1 concerning the export of wastes for disposal at sea',NULL,NULL,NULL,NULL,NULL,NULL,NULL,'Decision 98/1 of the OSPAR Convention decided that the recommendation OSCOM R 88/1 will continue to be applicable, unaltered in its legal nature.',NULL,'OSPAR Commission','1999-02-09',NULL,NULL),(414,0,'OSCOM R 77/1','OSCOM Recommendation on the disposal of pipes, metal shavings and other material resulting from offshore hydrocarbon exploration and exploitation operations. 1977',NULL,'OSCOM Recommendation on the disposal of pipes, metal shavings and other material resulting from offshore hydrocarbon exploration and exploitation operations. 1977',NULL,NULL,NULL,NULL,NULL,NULL,NULL,'Decision 98/1 of the OSPAR Convention decided that the recommendation OSCOM R 77/1 will continue to be applicable, unaltered in its legal nature.',NULL,'OSPAR Commission','1999-02-09',NULL,NULL),(415,0,'OSCOM R 80/1','OSCOM Recommendation to take all possible steps to reduce at source the contamination of sewage sludge with heavy metals. 1980',NULL,'OSCOM Recommendation to take all possible steps to reduce at source the contamination of sewage sludge with heavy metals. 1980',NULL,NULL,NULL,NULL,NULL,NULL,NULL,'Decision 98/1 of the OSPAR Convention decided that the recommendation OSCOM R 80/1 will continue to be applicable, unaltered in its legal nature.',NULL,'OSPAR Commission','1999-02-09',NULL,NULL),(416,0,'Od 98/1','OSPAR Decision 98/1 concerning the status of decisions and recommendations and other agreements adopted under the former Oslo convention and Paris convention within the framework of the OSPAR convention',NULL,'OSPAR Decision 98/1 concerning the status of decisions and recommendations and other agreements adopted under the former Oslo convention and Paris convention within the framework of the OSPAR convention',NULL,NULL,NULL,NULL,NULL,NULL,NULL,'Decision 98/1 of the OSPAR Convention decided that the decision Od 98/1 will continue to be applicable, unaltered in its legal nature.',NULL,'OSPAR Commission','1999-02-09',NULL,NULL),(417,0,'Od 98/2','OSPAR Decision 98/2 on the dumping of radioactive waste',NULL,'OSPAR Decision 98/2 on the dumping of radioactive waste',NULL,NULL,NULL,NULL,NULL,NULL,NULL,'Decision 98/1 of the OSPAR Convention decided that the decision Od 98/2 will continue to be applicable, unaltered in its legal nature.',NULL,'OSPAR Commission','1999-02-09',NULL,NULL),(418,0,'Od 98/3','OSPAR Decision 98/3 on the disposal of disused offshore installations',NULL,'OSPAR Decision 98/3 on the disposal of disused offshore installations',NULL,NULL,NULL,NULL,NULL,NULL,NULL,'Decision 98/1 of the OSPAR Convention decided that the decision Od 98/3 will continue to be applicable, unaltered in its legal nature.',NULL,'OSPAR Commission','1999-02-09',NULL,NULL),(419,0,'Od 98/4','OSPAR Decision 98/4 on emission and discharge limit values for the manufacture of vinyl chloride monomer (VMC) including the manufacture of 1-2,dichloroethane (EDC)',NULL,'OSPAR Decision 98/4 on emission and discharge limit values for the manufacture of vinyl chloride monomer (VMC) including the manufacture of 1-2,dichloroethane (EDC)',NULL,NULL,NULL,NULL,NULL,NULL,NULL,'Decision 98/1 of the OSPAR Convention decided that the decision Od 98/4 will continue to be applicable, unaltered in its legal nature.',NULL,'OSPAR Commission','1999-02-09',NULL,NULL),(420,0,'Od 98/5','OSPAR Decision 98/5 on emission and discharge limit values for vinyl chloride sector, applying to the manufacture of suspensions-PVC (s-PVC) from vinyl chloride monomer (VMC)',NULL,'OSPAR Decision 98/5 on emission and discharge limit values for vinyl chloride sector, applying to the manufacture of suspensions-PVC (s-PVC) from vinyl chloride monomer (VMC)',NULL,NULL,NULL,NULL,NULL,NULL,NULL,'Decision 98/1 of the OSPAR Convention decided that the decision Od 98/5 will continue to be applicable, unaltered in its legal nature.',NULL,'OSPAR Commission','1999-02-09',NULL,NULL),(421,0,'OR 98/1','OSPAR Recommendation 98/1 concerning best available techniques and best environmental practices for the primary non-ferrous metal industry (zinc, copper, lead, nickel works)',NULL,'OSPAR Recommendation 98/1 concerning best available techniques and best environmental practices for the primary non-ferrous metal industry (zinc, copper, lead, nickel works)',NULL,NULL,NULL,NULL,NULL,NULL,NULL,'Decision 98/1 of the OSPAR Convention decided that the recommendation OR 98/1 will continue to be applicable, unaltered in its legal nature.',NULL,'OSPAR Commission','1999-02-09',NULL,NULL),(422,0,'OR 98/2','OSPAR Recommendation 98/2 on emission and discharge limit values for existing aluminium electrolysis plants',NULL,'OSPAR Recommendation 98/2 on emission and discharge limit values for existing aluminium electrolysis plants',NULL,NULL,NULL,NULL,NULL,NULL,NULL,'Decision 98/1 of the OSPAR Convention decided that the recommendation OR 98/2 will continue to be applicable, unaltered in its legal nature.',NULL,'OSPAR Commission','1999-02-09',NULL,NULL),(423,0,'Pd 85/1','PARCOM Decision 85/1 programmes and measures of 31 December 1985 on limit values and quality objectives for mercury discharges by sectors other than chloralkali industry',NULL,'PARCOM Decision 85/1 programmes and measures of 31 December 1985 on limit values and quality objectives for mercury discharges by sectors other than chloralkali industry',NULL,NULL,NULL,NULL,NULL,NULL,NULL,'Decision 98/1 of the OSPAR Convention decided that the decision Pd 85/1 will continue to be applicable, unaltered in its legal nature.',NULL,'OSPAR Commission','1999-02-09',NULL,NULL),(424,0,'Pd 85/2','PARCOM Decision 85/2 programmes and measures on limit values and quality objectives for cadmium discharges ',NULL,'PARCOM Decision 85/2 programmes and measures on limit values and quality objectives for cadmium discharges',NULL,NULL,NULL,NULL,NULL,NULL,NULL,'Decision 98/1 of the OSPAR Convention decided that the decision Pd 85/2 will continue to be applicable, unaltered in its legal nature.',NULL,'OSPAR Commission','1999-02-09',NULL,NULL),(425,0,'Pd 90/2','PARCOM Decision 90/2 on programmes and measures for reducing mercury and cadmium containing batteries',NULL,'PARCOM Decision 90/2 on programmes and measures for reducing mercury and cadmium containing batteries',NULL,NULL,NULL,NULL,NULL,NULL,NULL,'Decision 98/1 of the OSPAR Convention decided that the decision Pd 90/2 will continue to be applicable, unaltered in its legal nature.',NULL,'OSPAR Commission','1999-02-09',NULL,NULL),(426,0,'Pd 90/3','PARCOM Decision 90/3 on reducing atmospheric emissions from existing chloralkali plants',NULL,'PARCOM Decision 90/3 on reducing atmospheric emissions from existing chloralkali plants',NULL,NULL,NULL,NULL,NULL,NULL,NULL,'Decision 98/1 of the OSPAR Convention decided that the decision Pd 90/3 will continue to be applicable, unaltered in its legal nature.',NULL,'OSPAR Commission','1999-02-09',NULL,NULL),(427,0,'Pd 92/1','PARCOM Decision 92/1 on the reduction of discharges chlorinated organic substances from the production of bleached Kraft and sulphite pulp',NULL,'PARCOM Decision 92/1 on the reduction of discharges chlorinated organic substances from the production of bleached Kraft and sulphite pulp',NULL,NULL,NULL,NULL,NULL,NULL,NULL,'Decision 98/1 of the OSPAR Convention decided that the decision Pd 92/1 will continue to be applicable, unaltered in its legal nature.',NULL,'OSPAR Commission','1999-02-09',NULL,NULL),(428,0,'Pd 92/2','PARCOM Decision 92/2 on the use of oil-based muds',NULL,'PARCOM Decision 92/2 on the use of oil-based muds',NULL,NULL,NULL,NULL,NULL,NULL,NULL,'Decision 98/1 of the OSPAR Convention decided that the decision Pd 92/2 will continue to be applicable, unaltered in its legal nature.',NULL,'OSPAR Commission','1999-02-09',NULL,NULL),(429,0,'Pd 92/3','PARCOM Decision 92/3 on the phasing out of PCBs and hazardous PCB substitute',NULL,'PARCOM Decision 92/3 on the phasing out of PCBs and hazardous PCB substitute',NULL,NULL,NULL,NULL,NULL,NULL,NULL,'Decision 98/1 of the OSPAR Convention decided that the decision Pd 92/3 will continue to be applicable, unaltered in its legal nature.',NULL,'OSPAR Commission','1999-02-09',NULL,NULL),(430,0,'Pd 95/1','PARCOM Decision 95/1 on the phasing out of the use of short-chained chlorinated paraffins',NULL,'PARCOM Decision 95/1 on the phasing out of the use of short-chained chlorinated paraffins',NULL,NULL,NULL,NULL,NULL,NULL,NULL,'Decision 98/1 of the OSPAR Convention decided that the decision Pd 95/1 will continue to be applicable, unaltered in its legal nature.',NULL,'OSPAR Commission','1999-02-09',NULL,NULL),(431,0,'Pd 95/2','PARCOM Decision 95/2 on discharges and emission limit values for the integrated and non-integrated sulphite paper pulp industry',NULL,'PARCOM Decision 95/2 on discharges and emission limit values for the integrated and non-integrated sulphite paper pulp industry',NULL,NULL,NULL,NULL,NULL,NULL,NULL,'Decision 98/1 of the OSPAR Convention decided that the decision Pd 95/2 will continue to be applicable, unaltered in its legal nature.',NULL,'OSPAR Commission','1999-02-09',NULL,NULL),(432,0,'Pd 95/3','PARCOM Decision 95/3 on discharges and emission limit values for the integrated and non-integrated Kraft pulp industry',NULL,'PARCOM Decision 95/3 on discharges and emission limit values for the integrated and non-integrated Kraft pulp industry',NULL,NULL,NULL,NULL,NULL,NULL,NULL,'Decision 98/1 of the OSPAR Convention decided that the decision Pd 95/3 will continue to be applicable, unaltered in its legal nature.',NULL,'OSPAR Commission','1999-02-09',NULL,NULL),(433,0,'Pd 96/2','PARCOM Decision 96/2 on the phasing out of processes using molecular chlorine (CL2) in the bleaching of Kraft and sulphite pulp',NULL,'PARCOM Decision 96/2 on the phasing out of processes using molecular chlorine (CL2) in the bleaching of Kraft and sulphite pulp',NULL,NULL,NULL,NULL,NULL,NULL,NULL,'Decision 98/1 of the OSPAR Convention decided that the decision Pd 96/2 will continue to be applicable, unaltered in its legal nature.',NULL,'OSPAR Commission','1999-02-09',NULL,NULL),(434,0,'Pd 96/3','PARCOM Decision 96/3 on a harmonised mandatory control system for the use and reduction of the discharge of offshore chemicals',NULL,'PARCOM Decision 96/3 on a harmonised mandatory control system for the use and reduction of the discharge of offshore chemicals',NULL,NULL,NULL,NULL,NULL,NULL,NULL,'Decision 98/1 of the OSPAR Convention decided that the decision Pd 96/3 will continue to be applicable, unaltered in its legal nature.',NULL,'OSPAR Commission','1999-02-09',NULL,NULL),(435,0,'Pd 97/1','PARCOM Decision 97/1 on substances/preparations used and discharged offshore',NULL,'PARCOM Decision 97/1 on substances/preparations used and discharged offshore',NULL,NULL,NULL,NULL,NULL,NULL,NULL,'Decision 98/1 of the OSPAR Convention decided that the decision Pd 97/1 will continue to be applicable, unaltered in its legal nature.',NULL,'OSPAR Commission','1999-02-09',NULL,NULL),(436,0,'Pd 80/1','PARCOM Decision on environmental quality standard for mercury in organisms. 1980',NULL,'PARCOM Decision on environmental quality standard for mercury in organisms. 1980',NULL,NULL,NULL,NULL,NULL,NULL,NULL,'Decision 98/1 of the OSPAR Convention decided that the decision Pd 80/1 will continue to be applicable, unaltered in its legal nature.',NULL,'OSPAR Commission','1999-02-09',NULL,NULL),(437,0,'Pd 80/2','PARCOM Decision on limit value for mercury emissions in water from existing an new brine recirculation chloralkali plants (exit of the purification plant). 1980',NULL,'PARCOM Decision on limit value for mercury emissions in water from existing an new brine recirculation chloralkali plants (exit of the purification plant). 1980',NULL,NULL,NULL,NULL,NULL,NULL,NULL,'Decision 98/1 of the OSPAR Convention decided that the decision Pd 80/2 will continue to be applicable, unaltered in its legal nature.',NULL,'OSPAR Commission','1999-02-09',NULL,NULL),(438,0,'Pd 81/2','PARCOM Decision on limit values for existing brine recirculation chloralkali plants (exit factory site). 1981',NULL,'PARCOM Decision on limit values for existing brine recirculation chloralkali plants (exit factory site). 1981',NULL,NULL,NULL,NULL,NULL,NULL,NULL,'Decision 98/1 of the OSPAR Convention decided that the decision Pd 81/2 will continue to be applicable, unaltered in its legal nature.',NULL,'OSPAR Commission','1999-02-09',NULL,NULL),(439,0,'Pd 81/1','PARCOM Decision on limit values for existing waste brine chloralkali plant. 1981',NULL,'PARCOM Decision on limit values for existing waste brine chloralkali plant. 1981',NULL,NULL,NULL,NULL,NULL,NULL,NULL,'Decision 98/1 of the OSPAR Convention decided that the decision Pd 81/1 will continue to be applicable, unaltered in its legal nature.',NULL,'OSPAR Commission','1999-02-09',NULL,NULL),(440,0,'Pd 82/1','PARCOM Decision on new chloralkali plants using mercury. 1982',NULL,'PARCOM Decision on new chloralkali plants using mercury. 1982',NULL,NULL,NULL,NULL,NULL,NULL,NULL,'Decision 98/1 of the OSPAR Convention decided that the decision Pd 82/1 will continue to be applicable, unaltered in its legal nature.',NULL,'OSPAR Commission','1999-02-09',NULL,NULL),(441,0,'Pd 81/3','PARCOM Decision on the notification of chemical used offshore. 1981',NULL,'PARCOM Decision on the notification of chemical used offshore. 1981',NULL,NULL,NULL,NULL,NULL,NULL,NULL,'Decision 98/1 of the OSPAR Convention decided that the decision Pd 81/3 will continue to be applicable, unaltered in its legal nature.',NULL,'OSPAR Commission','1999-02-09',NULL,NULL),(442,0,'PR 87/1','PARCOM Recommendation 87/1 on the use of tributyl-tin compounds',NULL,'PARCOM Recommendation 87/1 on the use of tributyl-tin compounds',NULL,NULL,NULL,NULL,NULL,NULL,NULL,'Decision 98/1 of the OSPAR Convention decided that the recommendation PR 87/1 will continue to be applicable, unaltered in its legal nature.',NULL,'OSPAR Commission','1999-02-09',NULL,NULL),(443,0,'PR 87/2','PARCOM Recommendation 87/2 on discharges from reception facilities and oil terminals',NULL,'PARCOM Recommendation 87/2 on discharges from reception facilities and oil terminals',NULL,NULL,NULL,NULL,NULL,NULL,NULL,'Decision 98/1 of the OSPAR Convention decided that the recommendation PR 87/2 will continue to be applicable, unaltered in its legal nature.',NULL,'OSPAR Commission','1999-02-09',NULL,NULL),(444,0,'PR 88/1','PARCOM Recommendation 88/1 on measures to reduce organotin compounds reaching the aquatic environment through docking activities',NULL,'PARCOM Recommendation 88/1 on measures to reduce organotin compounds reaching the aquatic environment through docking activities',NULL,NULL,NULL,NULL,NULL,NULL,NULL,'Decision 98/1 of the OSPAR Convention decided that the recommendation PR 88/1 will continue to be applicable, unaltered in its legal nature.',NULL,'OSPAR Commission','1999-02-09',NULL,NULL),(445,0,'PR 88/2','PARCOM Recommendation 88/2 on the reduction on nuclear reprocessing plant',NULL,'PARCOM Recommendation 88/2 on the reduction on nuclear reprocessing plant',NULL,NULL,NULL,NULL,NULL,NULL,NULL,'Decision 98/1 of the OSPAR Convention decided that the recommendation PR 88/2 will continue to be applicable, unaltered in its legal nature.',NULL,'OSPAR Commission','1999-02-09',NULL,NULL),(446,0,'PR 88/4','PARCOM Recommendation 88/4 on nuclear reprocessing plant',NULL,'PARCOM Recommendation 88/4 on nuclear reprocessing plant',NULL,NULL,NULL,NULL,NULL,NULL,NULL,'Decision 98/1 of the OSPAR Convention decided that the recommendation PR 88/4 will continue to be applicable, unaltered in its legal nature.',NULL,'OSPAR Commission','1999-02-09',NULL,NULL),(447,0,'PR 89/3','PARCOM Recommendation 89/3 on programmes and measures for reducing mercury discharges from various sources',NULL,'PARCOM Recommendation 89/3 on programmes and measures for reducing mercury discharges from various sources',NULL,NULL,NULL,NULL,NULL,NULL,NULL,'Decision 98/1 of the OSPAR Convention decided that the recommendation PR 89/3 will continue to be applicable, unaltered in its legal nature.',NULL,'OSPAR Commission','1999-02-09',NULL,NULL),(448,0,'PR 89/4','PARCOM Recommendation 89/4 on coordinated programme for the reduction of nutrient',NULL,'PARCOM Recommendation 89/4 on coordinated programme for the reduction of nutrient',NULL,NULL,NULL,NULL,NULL,NULL,NULL,'Decision 98/1 of the OSPAR Convention decided that the recommendation PR 89/4 will continue to be applicable, unaltered in its legal nature.',NULL,'OSPAR Commission','1999-02-09',NULL,NULL),(449,0,'PR 89/5','PARCOM Recommendation 89/5 concerning refineries',NULL,'PARCOM Recommendation 89/5 concerning refineries',NULL,NULL,NULL,NULL,NULL,NULL,NULL,'Decision 98/1 of the OSPAR Convention decided that the recommendation PR 89/5 will continue to be applicable, unaltered in its legal nature.',NULL,'OSPAR Commission','1999-02-09',NULL,NULL),(450,0,'PR 90/1','PARCOM Recommendation 90/1 on the definition of the best available technology for secondary iron and steel plant',NULL,'PARCOM Recommendation 90/1 on the definition of the best available technology for secondary iron and steel plant',NULL,NULL,NULL,NULL,NULL,NULL,NULL,'Decision 98/1 of the OSPAR Convention decided that the recommendation PR 90/1 will continue to be applicable, unaltered in its legal nature.',NULL,'OSPAR Commission','1999-02-09',NULL,NULL),(451,0,'PR 91/2','PARCOM Recommendation 91/2 on the definition of the best available technology in primary iron and steel industry',NULL,'PARCOM Recommendation 91/2 on the definition of the best available technology in primary iron and steel industry',NULL,NULL,NULL,NULL,NULL,NULL,NULL,'Decision 98/1 of the OSPAR Convention decided that the recommendation PR 91/2 will continue to be applicable, unaltered in its legal nature.',NULL,'OSPAR Commission','1999-02-09',NULL,NULL),(452,0,'PR 91/3','PARCOM Recommendation 91/3 on measures to be taken and investigations to be carried out in order to reduce pollution from secondary iron and steel production',NULL,'PARCOM Recommendation 91/3 on measures to be taken and investigations to be carried out in order to reduce pollution from secondary iron and steel production',NULL,NULL,NULL,NULL,NULL,NULL,NULL,'Decision 98/1 of the OSPAR Convention decided that the recommendation PR 91/3 will continue to be applicable, unaltered in its legal nature.',NULL,'OSPAR Commission','1999-02-09',NULL,NULL),(453,0,'PR 91/4','PARCOM Recommendation 91/4 on radioactive discharges',NULL,'PARCOM Recommendation 91/4 on radioactive discharges',NULL,NULL,NULL,NULL,NULL,NULL,NULL,'Decision 98/1 of the OSPAR Convention decided that the recommendation PR 91/4 will continue to be applicable, unaltered in its legal nature.',NULL,'OSPAR Commission','1999-02-09',NULL,NULL),(454,0,'PR 91/5','PARCOM Recommendation 91/5 on the disposal of radioactive wastes into sub-seabed repositories accessed from land',NULL,'PARCOM Recommendation 91/5 on the disposal of radioactive wastes into sub-seabed repositories accessed from land',NULL,NULL,NULL,NULL,NULL,NULL,NULL,'Decision 98/1 of the OSPAR Convention decided that the recommendation PR 91/5 will continue to be applicable, unaltered in its legal nature.',NULL,'OSPAR Commission','1999-02-09',NULL,NULL),(455,0,'PR 92/1','PARCOM Recommendation 92/1 on the best available technology for plants producing anodes and for new electrolysis installations in the primary aluminium industry',NULL,'PARCOM Recommendation 92/1 on the best available technology for plants producing anodes and for new electrolysis installations in the primary aluminium industry',NULL,NULL,NULL,NULL,NULL,NULL,NULL,'Decision 98/1 of the OSPAR Convention decided that the recommendation PR 92/1 will continue to be applicable, unaltered in its legal nature.',NULL,'OSPAR Commission','1999-02-09',NULL,NULL),(456,0,'PR 92/2','PARCOM Recommendation 92/2 concerning limitation of pollution from new primary iron and steel production installations',NULL,'PARCOM Recommendation 92/2 concerning limitation of pollution from new primary iron and steel production installations',NULL,NULL,NULL,NULL,NULL,NULL,NULL,'Decision 98/1 of the OSPAR Convention decided that the recommendation PR 92/2 will continue to be applicable, unaltered in its legal nature.',NULL,'OSPAR Commission','1999-02-09',NULL,NULL),(457,0,'PR 92/3','PARCOM Recommendation 92/3 concerning limitation of pollution from new secondary iron and steel production and rolling mills',NULL,'PARCOM Recommendation 92/3 concerning limitation of pollution from new secondary iron and steel production and rolling mills',NULL,NULL,NULL,NULL,NULL,NULL,NULL,'Decision 98/1 of the OSPAR Convention decided that the recommendation PR 92/3 will continue to be applicable, unaltered in its legal nature.',NULL,'OSPAR Commission','1999-02-09',NULL,NULL),(458,0,'PR 92/4','PARCOM Recommendation 92/4 on the reduction of emissions from the electroplating industry',NULL,'PARCOM Recommendation 92/4 on the reduction of emissions from the electroplating industry',NULL,NULL,NULL,NULL,NULL,NULL,NULL,'Decision 98/1 of the OSPAR Convention decided that the recommendation PR 92/4 will continue to be applicable, unaltered in its legal nature.',NULL,'OSPAR Commission','1999-02-09',NULL,NULL),(459,0,'PR 92/5','PARCOM Recommendation 92/5 concerning best available technology in the pharmaceutical manufacturing industry',NULL,'PARCOM Recommendation 92/5 concerning best available technology in the pharmaceutical manufacturing industry',NULL,NULL,NULL,NULL,NULL,NULL,NULL,'Decision 98/1 of the OSPAR Convention decided that the recommendation PR 92/5 will continue to be applicable, unaltered in its legal nature.',NULL,'OSPAR Commission','1999-02-09',NULL,NULL),(460,0,'PR 92/6','PARCOM Recommendation 92/6 on best available technology for produced water management on offshore gas and oil installations',NULL,'PARCOM Recommendation 92/6 on best available technology for produced water management on offshore gas and oil installations',NULL,NULL,NULL,NULL,NULL,NULL,NULL,'Decision 98/1 of the OSPAR Convention decided that the recommendation PR 92/6 will continue to be applicable, unaltered in its legal nature.',NULL,'OSPAR Commission','1999-02-09',NULL,NULL),(461,0,'PR 92/7','PARCOM Recommendation 92/7 on the reduction of nutrient inputs from agriculture into areas where thes inputs are likely, directly or indirectly to cause pollution',NULL,'PARCOM Recommendation 92/7 on the reduction of nutrient inputs from agriculture into areas where thes inputs are likely, directly or indirectly to cause pollution',NULL,NULL,NULL,NULL,NULL,NULL,NULL,'Decision 98/1 of the OSPAR Convention decided that the recommendation PR 92/7 will continue to be applicable, unaltered in its legal nature.',NULL,'OSPAR Commission','1999-02-09',NULL,NULL),(462,0,'PR 92/8','PARCOM Recommendation 92/8 on nonylphenol-ethoxylates',NULL,'PARCOM Recommendation 92/8 on nonylphenol-ethoxylates',NULL,NULL,NULL,NULL,NULL,NULL,NULL,'Decision 98/1 of the OSPAR Convention decided that the recommendation PR 92/8 will continue to be applicable, unaltered in its legal nature.',NULL,'OSPAR Commission','1999-02-09',NULL,NULL),(463,0,'PR 93/1','PARCOM Recommendation 93/1 on the limitation of pollution from existing primary iron and steel production installation',NULL,'PARCOM Recommendation 93/1 on the limitation of pollution from existing primary iron and steel production installation',NULL,NULL,NULL,NULL,NULL,NULL,NULL,'Decision 98/1 of the OSPAR Convention decided that the recommendation PR 93/1 will continue to be applicable, unaltered in its legal nature.',NULL,'OSPAR Commission','1999-02-09',NULL,NULL),(464,0,'PR 93/2','PARCOM Recommendation 93/2 on further restrictions on the discharge of mercury from dentistry',NULL,'PARCOM Recommendation 93/2 on further restrictions on the discharge of mercury from dentistry',NULL,NULL,NULL,NULL,NULL,NULL,NULL,'Decision 98/1 of the OSPAR Convention decided that the recommendation PR 93/2 will continue to be applicable, unaltered in its legal nature.',NULL,'OSPAR Commission','1999-02-09',NULL,NULL),(465,0,'PR 93/4','PARCOM Recommendation 93/4 on the phasing out of cationic detergents DTDFMAC, DSDMAC and DHTHMAC in fabric softener',NULL,'PARCOM Recommendation 93/4 on the phasing out of cationic detergents DTDFMAC, DSDMAC and DHTHMAC in fabric softener',NULL,NULL,NULL,NULL,NULL,NULL,NULL,'Decision 98/1 of the OSPAR Convention decided that the recommendation PR 93/4 will continue to be applicable, unaltered in its legal nature.',NULL,'OSPAR Commission','1999-02-09',NULL,NULL),(466,0,'PR 93/5','PARCOM Recommendation 93/5 concerning increases in radioactive discharges from nuclear reprocessing plants',NULL,'PARCOM Recommendation 93/5 concerning increases in radioactive discharges from nuclear reprocessing plants',NULL,NULL,NULL,NULL,NULL,NULL,NULL,'Decision 98/1 of the OSPAR Convention decided that the recommendation PR 93/5 will continue to be applicable, unaltered in its legal nature.',NULL,'OSPAR Commission','1999-02-09',NULL,NULL),(467,0,'PR 94/1','PARCOM Recommendation 94/1 on best available technology for new aluminium electrolysis plants',NULL,'PARCOM Recommendation 94/1 on best available technology for new aluminium electrolysis plants',NULL,NULL,NULL,NULL,NULL,NULL,NULL,'Decision 98/1 of the OSPAR Convention decided that the recommendation PR 94/1 will continue to be applicable, unaltered in its legal nature.',NULL,'OSPAR Commission','1999-02-09',NULL,NULL),(468,0,'PR 94/2','PARCOM Recommendation 94/2 on best available techniques and best environmental practices for the integrated and non-integrated kraft pulp industry',NULL,'PARCOM Recommendation 94/2 on best available techniques and best environmental practices for the integrated and non-integrated kraft pulp industry',NULL,NULL,NULL,NULL,NULL,NULL,NULL,'Decision 98/1 of the OSPAR Convention decided that the recommendation PR 94/2 will continue to be applicable, unaltered in its legal nature.',NULL,'OSPAR Commission','1999-02-09',NULL,NULL),(469,0,'PR 94/3','PARCOM Recommendation 94/3 on best available techniques and best environmental practices for the integrated and non-integrated sulphite paper pulp industry',NULL,'PARCOM Recommendation 94/3 on best available techniques and best environmental practices for the integrated and non-integrated sulphite paper pulp industry',NULL,NULL,NULL,NULL,NULL,NULL,NULL,'Decision 98/1 of the OSPAR Convention decided that the recommendation PR 94/3 will continue to be applicable, unaltered in its legal nature.',NULL,'OSPAR Commission','1999-02-09',NULL,NULL),(470,0,'PR 94/4','PARCOM Recommendation 94/4 on best available techniques and best environmental practices for the organic chemical industry',NULL,'PARCOM Recommendation 94/4 on best available techniques and best environmental practices for the organic chemical industry',NULL,NULL,NULL,NULL,NULL,NULL,NULL,'Decision 98/1 of the OSPAR Convention decided that the recommendation PR 94/4 will continue to be applicable, unaltered in its legal nature.',NULL,'OSPAR Commission','1999-02-09',NULL,NULL),(471,0,'PR 94/5','PARCOM Recommendation 94/5 concerning best available techniques and best environmental practices for wet processes in the textile processing industry',NULL,'PARCOM Recommendation 94/5 concerning best available techniques and best environmental practices for wet processes in the textile processing industry',NULL,NULL,NULL,NULL,NULL,NULL,NULL,'Decision 98/1 of the OSPAR Convention decided that the recommendation PR 94/5 will continue to be applicable, unaltered in its legal nature.',NULL,'OSPAR Commission','1999-02-09',NULL,NULL),(472,0,'PR 94/6','PARCOM Recommendation 94/6 on best environmental practice (BEP) for the reduction of inputs of potentially toxic chemicals form aqualculture use',NULL,'PARCOM Recommendation 94/6 on best environmental practice (BEP) for the reduction of inputs of potentially toxic chemicals form aqualculture use',NULL,NULL,NULL,NULL,NULL,NULL,NULL,'Decision 98/1 of the OSPAR Convention decided that the recommendation PR 94/6 will continue to be applicable, unaltered in its legal nature.',NULL,'OSPAR Commission','1999-02-09',NULL,NULL),(473,0,'PR 94/7','PARCOM Recommendation 94/7 on the elaboration of national actions plans and best environmental practice (BEP) for the reduction of inputs to the environment of pesticides from agricultural use',NULL,'PARCOM Recommendation 94/7 on the elaboration of national actions plans and best environmental practice (BEP) for the reduction of inputs to the environment of pesticides from agricultural use',NULL,NULL,NULL,NULL,NULL,NULL,NULL,'Decision 98/1 of the OSPAR Convention decided that the recommendation PR 94/7 will continue to be applicable, unaltered in its legal nature.',NULL,'OSPAR Commission','1999-02-09',NULL,NULL),(474,0,'PR 94/8','PARCOM Recommendation 94/8 concerning environmental impact resulting from discharges of radioactive substances',NULL,'PARCOM Recommendation 94/8 concerning environmental impact resulting from discharges of radioactive substances',NULL,NULL,NULL,NULL,NULL,NULL,NULL,'Decision 98/1 of the OSPAR Convention decided that the recommendation PR 94/8 will continue to be applicable, unaltered in its legal nature.',NULL,'OSPAR Commission','1999-02-09',NULL,NULL),(475,0,'PR 94/9','PARCOM Recommendation 94/9 concerning the management of spent nuclear fuel',NULL,'PARCOM Recommendation 94/9 concerning the management of spent nuclear fuel',NULL,NULL,NULL,NULL,NULL,NULL,NULL,'Decision 98/1 of the OSPAR Convention decided that the recommendation PR 94/9 will continue to be applicable, unaltered in its legal nature.',NULL,'OSPAR Commission','1999-02-09',NULL,NULL),(476,0,'PR 96/1','PARCOM Recommendation 96/1 on the best available techniques and best environmental practices for existing aluminium electrolysis plnts',NULL,'PARCOM Recommendation 96/1 on the best available techniques and best environmental practices for existing aluminium electrolysis plnts',NULL,NULL,NULL,NULL,NULL,NULL,NULL,'Decision 98/1 of the OSPAR Convention decided that the recommendation PR 96/1 will continue to be applicable, unaltered in its legal nature.',NULL,'OSPAR Commission','1999-02-09',NULL,NULL),(477,0,'PR 96/2','PARCOM Recommendation 96/2 concerning best available techniques for the manufacture of vinyl chloride monomer',NULL,'PARCOM Recommendation 96/2 concerning best available techniques for the manufacture of vinyl chloride monomer',NULL,NULL,NULL,NULL,NULL,NULL,NULL,'Decision 98/1 of the OSPAR Convention decided that the recommendation PR 96/2 will continue to be applicable, unaltered in its legal nature.',NULL,'OSPAR Commission','1999-02-09',NULL,NULL),(478,0,'PR 96/3','PARCOM Recommendation 96/3 concerning best available techniques for the manufacture of suspension-PVC from vinyl chloride monomer',NULL,'PARCOM Recommendation 96/3 concerning best available techniques for the manufacture of suspension-PVC from vinyl chloride monomer',NULL,NULL,NULL,NULL,NULL,NULL,NULL,'Decision 98/1 of the OSPAR Convention decided that the recommendation PR 96/3 will continue to be applicable, unaltered in its legal nature.',NULL,'OSPAR Commission','1999-02-09',NULL,NULL),(479,0,'PR 96/4','PARCOM Recommendation 96/4 for the phasing out of the use of one-component coal tar coating systems for inland ships',NULL,'PARCOM Recommendation 96/4 for the phasing out of the use of one-component coal tar coating systems for inland ships',NULL,NULL,NULL,NULL,NULL,NULL,NULL,'Decision 98/1 of the OSPAR Convention decided that the recommendation PR 96/4 will continue to be applicable, unaltered in its legal nature.',NULL,'OSPAR Commission','1999-02-09',NULL,NULL),(480,0,'PR 97/1','PARCOM Recommendation 97/1 concerning reference values for effluent discharges for wet processes in the textile processing industry',NULL,'PARCOM Recommendation 97/1 concerning reference values for effluent discharges for wet processes in the textile processing industry',NULL,NULL,NULL,NULL,NULL,NULL,NULL,'Decision 98/1 of the OSPAR Convention decided that the recommendation PR 97/1 will continue to be applicable, unaltered in its legal nature.',NULL,'OSPAR Commission','1999-02-09',NULL,NULL),(481,0,'PR 97/2','PARCOM Recommendation 97/2 on measures to be taken to limit emissions of heavy metals and persistent organic pollutants due to large combustion plants (>= 50MWth)',NULL,'PARCOM Recommendation 97/2 on measures to be taken to limit emissions of heavy metals and persistent organic pollutants due to large combustion plants (>= 50MWth)',NULL,NULL,NULL,NULL,NULL,NULL,NULL,'Decision 98/1 of the OSPAR Convention decided that the recommendation PR 97/2 will continue to be applicable, unaltered in its legal nature.',NULL,'OSPAR Commission','1999-02-09',NULL,NULL),(482,0,'PR 84/2','PARCOM Recommendation for reducing cadmium pollution. 1984',NULL,'PARCOM Recommendation for reducing cadmium pollution. 1984',NULL,NULL,NULL,NULL,NULL,NULL,NULL,'Decision 98/1 of the OSPAR Convention decided that the recommendation PR 84/2 will continue to be applicable, unaltered in its legal nature.',NULL,'OSPAR Commission','1999-02-09',NULL,NULL),(483,0,'PR 86/1','PARCOM Recommendation of a 40 mg/l emission standard for platforms. 1986',NULL,'PARCOM Recommendation of a 40 mg/l emission standard for platforms. 1986',NULL,NULL,NULL,NULL,NULL,NULL,NULL,'Decision 98/1 of the OSPAR Convention decided that the recommendation PR 86/1 will continue to be applicable, unaltered in its legal nature.',NULL,'OSPAR Commission','1999-02-09',NULL,NULL),(484,0,'PR 85/1','PARCOM Recommendation on limit values for mercury emissions in water from existing brine recirculation chloralkali plants (exit factory site). 1985',NULL,'PARCOM Recommendation on limit values for mercury emissions in water from existing brine recirculation chloralkali plants (exit factory site). 1985',NULL,NULL,NULL,NULL,NULL,NULL,NULL,'Decision 98/1 of the OSPAR Convention decided that the recommendation PR 85/1 will continue to be applicable, unaltered in its legal nature.',NULL,'OSPAR Commission','1999-02-09',NULL,NULL),(485,0,'PR 81/1','PARCOM Recommendation on other land-based sources of mercury pollution (thermometers, batteries, dental filters). 1981',NULL,'PARCOM Recommendation on other land-based sources of mercury pollution (thermometers, batteries, dental filters). 1981',NULL,NULL,NULL,NULL,NULL,NULL,NULL,'Decision 98/1 of the OSPAR Convention decided that the recommendation PR 81/1 will continue to be applicable, unaltered in its legal nature.',NULL,'OSPAR Commission','1999-02-09',NULL,NULL),(486,0,'PR 82/1','PARCOM Recommendation on other land-based sources of mercury pollution. 1982',NULL,'PARCOM Recommendation on other land-based sources of mercury pollution. 1982',NULL,NULL,NULL,NULL,NULL,NULL,NULL,'Decision 98/1 of the OSPAR Convention decided that the recommendation PR 82/1 will continue to be applicable, unaltered in its legal nature.',NULL,'OSPAR Commission','1999-02-09',NULL,NULL),(487,0,'PR 84/1','PARCOM Recommendation on pollution by titanium dioxide wastes. 1984',NULL,'PARCOM Recommendation on pollution by titanium dioxide wastes. 1984',NULL,NULL,NULL,NULL,NULL,NULL,NULL,'Decision 98/1 of the OSPAR Convention decided that the recommendation PR 84/1 will continue to be applicable, unaltered in its legal nature.',NULL,'OSPAR Commission','1999-02-09',NULL,NULL),(488,0,'PR 83/1','PARCOM Recommendation on reduction programmes for discharges from existing refineries. 1983',NULL,'PARCOM Recommendation on reduction programmes for discharges from existing refineries. 1983',NULL,NULL,NULL,NULL,NULL,NULL,NULL,'Decision 98/1 of the OSPAR Convention decided that the recommendation PR 83/1 will continue to be applicable, unaltered in its legal nature.',NULL,'OSPAR Commission','1999-02-09',NULL,NULL),(489,0,'PR 81/2','PARCOM Recommendation on the production, collection, regeneration and disposal of waste oils. 1981',NULL,'PARCOM Recommendation on the production, collection, regeneration and disposal of waste oils. 1981',NULL,NULL,NULL,NULL,NULL,NULL,NULL,'Decision 98/1 of the OSPAR Convention decided that the recommendation PR 81/2 will continue to be applicable, unaltered in its legal nature.',NULL,'OSPAR Commission','1999-02-09',NULL,NULL),(490,0,'PR 78/1','PARCOM Recommendation that no new waste brine plants be build. 1978',NULL,'PARCOM Recommendation that no new waste brine plants be build. 1978',NULL,NULL,NULL,NULL,NULL,NULL,NULL,'Decision 98/1 of the OSPAR Convention decided that the recommendation PR 78/1 will continue to be applicable, unaltered in its legal nature.',NULL,'OSPAR Commission','1999-02-09',NULL,NULL),(491,0,'Dumping protocol (MAP)','Protocol for the prevention of pollution of the Mediterranean Sea by Dumping from Ships and aircrafts',NULL,'Protocol for the prevention of pollution of the Mediterranean Sea by Dumping from Ships and aircrafts','http://www.unepmap.org/',NULL,NULL,NULL,NULL,NULL,NULL,'The Protocol (to the Barcelona convention) for the Prevention of Pollution of the Mediterranean Sea by Dumping from Ships and Aircraft was adopted on 16 February 1976 by the Conference of Plenipotentiaries of the Coastal States of the Mediterranean Region for the Protection of the Mediterranean Sea, held in Barcelona.  The Protocol entered into force on 12 February 1978. The amended Protocol, recorded as \"Protocol for the Prevention and Elimination of Pollution of the Mediterranean Sea by Dumping from Ships and Aircraft or Incineration at Sea\", has not yet entered into force. The Contracting Parties to \"Dumping Protocol\" shall take all appropriate measures to prevent, abate and eliminate to the fullest extent possible pollution of the Mediterranean Sea caused by dumping from ships and aircraft or incineration at sea. ',NULL,'MAP Coordinating Unit','1978-02-12',NULL,NULL),(492,0,'Land-based sources protocol (MAP)','Protocol for the protection of the Mediterranean sea against pollution from land based sources',NULL,'Protocol for the protection of the Mediterranean sea against pollution from land based sources','http://www.unepmap.org/',NULL,NULL,NULL,NULL,NULL,NULL,'The Protocol (to the Barcelona convention) on Land-Based Sources (the LBS Protocol) was adopted on 17 May 1980 and entered into force on 17 June 1983. The original Protocol was modified by amendments adopted on 7 March 1996 in Syracuse. The amended Protocol, recorded as \"Protocol for the Protection of the Mediterranean Sea against Pollution from Land-Based Sources and Activities\", has not yet entered into force. The Contracting Parties to this Protocol shall take all appropriate measures to prevent, abate, combat and eliminate to the fullest possible extent pollution of the Mediterranean Sea Area caused by discharges from rivers, coastal establishments or outfalls, or emanating from any other land-based sources and activities within their territories, giving priority to the phasing out of inputs of substances that are toxic, persistent and liable to bioaccumulate. \r\n',NULL,'MAP Coordinating Unit','1983-06-17',NULL,NULL),(493,0,'Offshore protocol (MAP)','Protocol for the protection of the Mediterranean sea against pollution resulting from the exploration and exploitation of the continental shelf and the seabed and its subsoil',NULL,'Protocol for the protection of the Mediterranean sea against pollution resulting from the exploration and exploitation of the continental shelf and the seabed and its subsoil','http://www.unepmap.org/',NULL,NULL,NULL,NULL,NULL,NULL,'The Protocol (to the Barcelona convention) for the Protection of the Mediterranean Sea against Pollution Resulting from Exploration and Exploitation of the Continental Shelf and the Seabed and its Subsoil was adopted on 14 October 1994 by the Conference of Plenipotentiaries held in Madrid and has not yet entered into force. The Parties shall take, individually or through bilateral or multilateral cooperation, all appropriate measures to prevent, abate, combat and control pollution in the Protocol Area resulting from activities, inter alia by ensuring that the best available techniques, environmentally effective and economically appropriate, are used for this purpose. ',NULL,'MAP Coordinating Unit',NULL,NULL,NULL),(494,0,'hazardous waste protocl (MAP)','Protocol on the prevention of pollution of the Mediterranean sea by transboundary movements of hazardous wastes and their disposal',NULL,'Protocol on the prevention of pollution of the Mediterranean sea by transboundary movements of hazardous wastes and their disposal','http://www.unepmap.org/',NULL,NULL,NULL,NULL,NULL,NULL,'The Protocol (to the Barcelona convention) on the Prevention of Pollution of the Mediterranean Sea by Transboundary Movements of Hazardous Wastes and their Disposal was adopted on 1 October 1996. The Protocol has not yet entered into force. The Parties shall take all appropriate  measures to prevent, abate  and eliminate pollution of the Protocol area which can be caused by transboundary movements and disposal of hazardous wastes.. ',NULL,'MAP Coordinating Unit',NULL,NULL,NULL),(495,0,'Black Sea protocol','Protocol on the protection of the Black Sea Marine environment against pollution from land based sources.',NULL,'Protocol on the protection of the Black Sea Marine environment against pollution from land based sources.','http://www.dominet.com.tr/blacksea/',NULL,NULL,NULL,NULL,NULL,NULL,'The contracting parties shall take all necessary measures to prevent, reduce and control pollution of the marine environment of the Black sea caused by discharges from land based sources on their territories such as rivers, canals, coastal,establishments',NULL,'Black Sea Environment Program',NULL,NULL,NULL),(496,0,'UN eau/santé','Protocole (OMS et CEE-ONU) du 17 juin 1999 sur l\'eau et la santé',NULL,'Protocole (OMS et CEE-ONU) du 17 juin 1999 sur l\'eau et la santé','http://www.unece.org/env/water/',NULL,NULL,NULL,NULL,NULL,NULL,NULL,NULL,'United Nations',NULL,NULL,NULL),(497,0,'Black Sea Action Plan','Strategic action plan for the rehabilitation and protection of the Black Sea',NULL,'Strategic action plan for the rehabilitation and protection of the Black Sea','http://www.dominet.com.tr/blacksea/',NULL,NULL,NULL,NULL,NULL,NULL,'On 31 October 1996 Environment Ministers from Bulgaria, Georgia, Romania, Russian Federation, Turkey and Ukraine met in Istanbul to sign the Black Sea Strategic Action Plan, the most comprehensive programme ever undertaken to save one of the world`s most polluted seas.  Exchange of information shall occur every 5 years starting in 1996',NULL,'Black Sea Environment Program',NULL,NULL,NULL),(498,0,'MARPOL','The International Convention for the Prevention of Pollution from Ships, 1973, as modified by the Protocol of 1978 relating thereto (MARPOL 73/78).',NULL,'The International Convention for the Prevention of Pollution from Ships, 1973, as modified by the Protocol of 1978 relating thereto (MARPOL 73/78).','http://www.imo.org',NULL,NULL,NULL,NULL,NULL,NULL,'It covers all the technical aspects of pollution from ships, except the disposal of waste into the sea by dumping, and applies to ships of all types, although it does not apply to pollution arising out of the exploration and exploitation of sea-bed mineral resources. \r\nThe Convention has two Protocols dealing respectively with Reports on Incidents involving Harmful Substances and Arbitration; and five Annexes which contain regulations for the prevention of various forms of pollution: pollution by oil (EIF 2/10/83); pollution by noxious liquid substances carried in bulk (EIF 06/04/87);  pollution by harmful substances carried in packages, portable tanks, freight containers, or road or rail tank wagons, etc (EIF 01/07/92).; pollution by sewage from ships (EIF not yet); and pollution by garbage from ships (EIF 31/12/98t)\r\n\r\n',NULL,'International Maritime Organisation','1983-10-02',NULL,NULL),(499,15,'EEA 001','EEA Annual Work Programme 2001','','','http://org.eea.eu.int/documents/awp01/awp2001.pdf','SDI, EEA, Kongens Nytorv 6, DK-1050 Copenhagen, Denmark','','',NULL,NULL,'N','',NULL,'EEA','2001-01-01','EEA AWP 2001','http://www.eea.eu.int'),(502,15,'EEA002','EEA Multi Annual Work Programme','','','http://org.eea.eu.int/documents/mawp1999-2003/index.html','','','',NULL,NULL,'N','EEA Multi Annual Work Programme 1999-2003',NULL,'EEA','1999-01-01','EEA MAWP','http://www.eeu.eu.int'),(500,19,'2001/80/EC','Directive 2001/80/EC of the European Parliament and of the Council of 23 October 2001 on the limitation of emissions of certain pollutants into the air from large combustion plants.','CELEX document number 301L0080','','http://europa.eu.int/eur-lex/en/lif/dat/2001/en_301L0080.html','','','',NULL,NULL,'N','This directive replaces directive 88/609/EEC and its amendment 94/66/EC',NULL,'European Parliment and the Council','2001-11-27','',''),(501,17,'1999/296/EC','1999/296/EC: Council decision of 26 April 1999 amending Decision 93/389/EC for a monitoring mechanism of Community CO2 and other greenhouse gas emissions','http://europa/eur-lex/en/lif/dat/1999/en_399D0296.html','','http://europa/eur-lex/en/lif/dat/1999/en_399D0296.html','','','',NULL,NULL,'N','This decision is an amendment to Council Decision 93/389/EEC',NULL,'EU Council','1999-05-01','','');
UNLOCK TABLES;

#
# Table structure for table 'T_SOURCE_CLASS'
#

DROP TABLE IF EXISTS T_SOURCE_CLASS;
CREATE TABLE T_SOURCE_CLASS (
  PK_CLASS_ID int(10) unsigned NOT NULL default '0',
  CLASSIFICATOR varchar(20) default NULL,
  CLASS_NAME varchar(255) NOT NULL default '',
  NEW tinyint(3) unsigned NOT NULL default '1'
) TYPE=ISAM PACK_KEYS=1;

#
# Dumping data for table 'T_SOURCE_CLASS'
#

LOCK TABLES T_SOURCE_CLASS WRITE;
INSERT INTO T_SOURCE_CLASS VALUES (1,NULL,'Legal Instrument',1),(25,'15.10','Environment',1),(2,'15.10.10','General provisions and programmes',1),(3,'15.10.20','Pollution and nuisances',1),(4,'15.10.20.10','Nuclear safety and radioactive waste',1),(5,'15.10.20.20','Water protection and management',1),(6,'15.10.20.30','Monitoring of atmospheric pollution',1),(7,'15.10.20.40','Prevention of noise pollution',1),(8,'15.10.20.50','Chemicals, industrial risk and biotechnology',1),(9,'15.10.30','Space, environment and natural resources',1),(10,'15.10.30.10','Management and efficient use of space, the environment and natural resources',1),(11,'15.10.30.20','Conservation of wild fauna and flora',1),(12,'15.10.30.30','Waste management and clean technology',1),(13,'15.10.40','International cooperation',1),(14,'15','EU legislation in force (sorted according to EUR-LEX)',1),(15,NULL,'Conventions',1),(18,NULL,'Supplementary legislation (15.10.10 - General provisions and programmes)',1),(19,NULL,'Supplementary legislation (15.10.20.20 - Water protection and management)',1),(20,NULL,'',1),(21,NULL,'EEA requests',1),(22,NULL,'Eurostat requests',1),(23,NULL,'Other requests',1),(24,'','EU legislation in preparation',1);
UNLOCK TABLES;

#
# Table structure for table 'T_SOURCE_LNK'
#

DROP TABLE IF EXISTS T_SOURCE_LNK;
CREATE TABLE T_SOURCE_LNK (
  PK_SOURCE_LNK_ID int(10) unsigned NOT NULL auto_increment,
  FK_SOURCE_CHILD_ID int(10) unsigned NOT NULL default '0',
  CHILD_TYPE enum('S','C') NOT NULL default 'S',
  FK_SOURCE_PARENT_ID int(10) unsigned NOT NULL default '0',
  PARENT_TYPE enum('S','C') NOT NULL default 'S',
  PRIMARY KEY  (PK_SOURCE_LNK_ID),
  UNIQUE KEY FK_SOURCE_CHILD_ID_2 (FK_SOURCE_CHILD_ID,CHILD_TYPE,FK_SOURCE_PARENT_ID,PARENT_TYPE),
  KEY FK_SOURCE_CHILD_ID (FK_SOURCE_CHILD_ID,CHILD_TYPE),
  KEY FK_SOURCE_PARENT_ID (FK_SOURCE_PARENT_ID,PARENT_TYPE)
) TYPE=ISAM PACK_KEYS=1;

#
# Dumping data for table 'T_SOURCE_LNK'
#

LOCK TABLES T_SOURCE_LNK WRITE;
INSERT INTO T_SOURCE_LNK VALUES (1,2,'C',25,'C'),(2,3,'C',25,'C'),(3,9,'C',25,'C'),(4,13,'C',25,'C'),(5,4,'C',3,'C'),(6,5,'C',3,'C'),(7,6,'C',3,'C'),(8,7,'C',3,'C'),(9,8,'C',3,'C'),(10,10,'C',9,'C'),(11,11,'C',9,'C'),(12,12,'C',9,'C'),(13,5,'S',5,'C'),(14,25,'C',14,'C'),(15,127,'S',25,'C'),(16,26,'S',25,'C'),(17,128,'S',25,'C'),(18,126,'S',25,'C'),(19,101,'S',25,'C'),(20,344,'S',15,'C'),(21,174,'S',15,'C'),(22,352,'S',15,'C'),(23,173,'S',15,'C'),(24,172,'S',15,'C'),(25,351,'S',15,'C'),(26,171,'S',15,'C'),(27,350,'S',15,'C'),(28,133,'S',15,'C'),(29,348,'S',15,'C'),(30,347,'S',15,'C'),(31,346,'S',15,'C'),(32,175,'S',15,'C'),(33,168,'S',15,'C'),(490,170,'S',15,'C'),(35,343,'S',15,'C'),(36,342,'S',15,'C'),(461,142,'S',15,'C'),(38,336,'S',15,'C'),(39,141,'S',15,'C'),(40,140,'S',15,'C'),(41,138,'S',15,'C'),(42,134,'S',15,'C'),(43,373,'S',15,'C'),(44,374,'S',15,'C'),(45,319,'S',15,'C'),(46,169,'S',15,'C'),(47,182,'S',15,'C'),(48,188,'S',15,'C'),(49,189,'S',15,'C'),(483,187,'S',3,'C'),(51,186,'S',15,'C'),(52,278,'S',15,'C'),(53,354,'S',15,'C'),(54,372,'S',15,'C'),(55,190,'S',15,'C'),(56,185,'S',15,'C'),(57,184,'S',15,'C'),(58,375,'S',15,'C'),(59,183,'S',15,'C'),(60,178,'S',15,'C'),(61,176,'S',15,'C'),(62,355,'S',15,'C'),(63,177,'S',15,'C'),(64,356,'S',15,'C'),(65,181,'S',15,'C'),(66,179,'S',15,'C'),(67,359,'S',15,'C'),(68,180,'S',15,'C'),(69,317,'S',2,'C'),(70,113,'S',2,'C'),(71,313,'S',2,'C'),(72,48,'S',2,'C'),(73,117,'S',2,'C'),(74,236,'S',2,'C'),(75,136,'S',2,'C'),(76,284,'S',2,'C'),(77,131,'S',2,'C'),(78,296,'S',2,'C'),(79,1,'S',2,'C'),(80,292,'S',2,'C'),(81,291,'S',2,'C'),(82,143,'S',2,'C'),(83,285,'S',2,'C'),(84,28,'S',2,'C'),(85,283,'S',2,'C'),(86,282,'S',2,'C'),(87,24,'S',2,'C'),(88,318,'S',2,'C'),(89,30,'S',2,'C'),(90,32,'S',2,'C'),(91,162,'S',2,'C'),(92,325,'S',2,'C'),(93,82,'S',2,'C'),(94,15,'S',2,'C'),(95,6,'S',2,'C'),(96,7,'S',2,'C'),(97,78,'S',2,'C'),(98,8,'S',2,'C'),(99,75,'S',2,'C'),(100,20,'S',2,'C'),(101,328,'S',2,'C'),(102,91,'S',2,'C'),(103,326,'S',2,'C'),(104,93,'S',2,'C'),(105,105,'S',2,'C'),(106,369,'S',2,'C'),(107,14,'S',2,'C'),(108,94,'S',2,'C'),(109,17,'S',2,'C'),(110,16,'S',2,'C'),(111,102,'S',2,'C'),(112,104,'S',2,'C'),(113,327,'S',2,'C'),(114,329,'S',18,'C'),(115,365,'S',18,'C'),(116,367,'S',18,'C'),(117,366,'S',18,'C'),(118,362,'S',18,'C'),(119,364,'S',18,'C'),(120,363,'S',18,'C'),(121,186,'S',3,'C'),(122,353,'S',3,'C'),(123,35,'S',3,'C'),(124,11,'S',3,'C'),(125,185,'S',3,'C'),(489,170,'S',13,'C'),(127,371,'S',3,'C'),(128,241,'S',3,'C'),(484,187,'S',13,'C'),(130,273,'S',3,'C'),(131,311,'S',3,'C'),(132,279,'S',3,'C'),(133,135,'S',3,'C'),(134,167,'S',3,'C'),(135,330,'S',3,'C'),(136,55,'S',4,'C'),(137,42,'S',4,'C'),(138,64,'S',4,'C'),(139,302,'S',4,'C'),(140,303,'S',4,'C'),(141,250,'S',4,'C'),(142,304,'S',4,'C'),(143,56,'S',4,'C'),(144,54,'S',4,'C'),(145,370,'S',4,'C'),(146,51,'S',4,'C'),(147,52,'S',4,'C'),(148,53,'S',4,'C'),(457,3,'S',4,'C'),(150,50,'S',4,'C'),(151,4,'S',4,'C'),(152,315,'S',4,'C'),(153,206,'S',4,'C'),(154,335,'S',4,'C'),(155,73,'S',4,'C'),(156,65,'S',4,'C'),(157,298,'S',4,'C'),(158,38,'S',4,'C'),(159,57,'S',4,'C'),(160,271,'S',4,'C'),(161,68,'S',4,'C'),(162,63,'S',4,'C'),(163,340,'S',4,'C'),(164,61,'S',4,'C'),(165,59,'S',4,'C'),(166,293,'S',4,'C'),(167,262,'S',4,'C'),(168,79,'S',4,'C'),(169,58,'S',4,'C'),(170,217,'S',5,'C'),(171,213,'S',5,'C'),(172,218,'S',5,'C'),(173,205,'S',5,'C'),(174,220,'S',5,'C'),(175,214,'S',5,'C'),(176,204,'S',5,'C'),(177,202,'S',5,'C'),(178,190,'S',5,'C'),(179,74,'S',5,'C'),(180,225,'S',5,'C'),(181,77,'S',5,'C'),(182,40,'S',5,'C'),(183,49,'S',5,'C'),(184,183,'S',5,'C'),(185,182,'S',5,'C'),(186,36,'S',5,'C'),(187,255,'S',5,'C'),(188,259,'S',5,'C'),(189,267,'S',5,'C'),(190,312,'S',5,'C'),(191,358,'S',5,'C'),(192,257,'S',5,'C'),(193,323,'S',5,'C'),(194,307,'S',5,'C'),(195,276,'S',5,'C'),(196,238,'S',5,'C'),(197,305,'S',5,'C'),(198,243,'S',5,'C'),(199,316,'S',5,'C'),(200,228,'S',5,'C'),(201,361,'S',19,'C'),(202,249,'S',6,'C'),(203,47,'S',6,'C'),(204,147,'S',6,'C'),(205,333,'S',6,'C'),(206,334,'S',6,'C'),(207,256,'S',6,'C'),(208,332,'S',6,'C'),(209,18,'S',6,'C'),(210,118,'S',6,'C'),(211,141,'S',6,'C'),(212,338,'S',6,'C'),(471,76,'S',6,'C'),(214,274,'S',6,'C'),(215,164,'S',6,'C'),(216,154,'S',6,'C'),(217,153,'S',6,'C'),(218,152,'S',6,'C'),(219,103,'S',6,'C'),(220,280,'S',6,'C'),(221,322,'S',6,'C'),(222,309,'S',6,'C'),(223,123,'S',6,'C'),(224,289,'S',6,'C'),(225,331,'S',6,'C'),(226,268,'S',6,'C'),(227,266,'S',6,'C'),(228,248,'S',6,'C'),(229,264,'S',6,'C'),(230,247,'S',6,'C'),(231,129,'S',6,'C'),(232,100,'S',6,'C'),(233,140,'S',6,'C'),(234,215,'S',6,'C'),(235,301,'S',6,'C'),(236,356,'S',6,'C'),(237,219,'S',6,'C'),(238,235,'S',6,'C'),(239,355,'S',6,'C'),(240,354,'S',6,'C'),(241,374,'S',6,'C'),(242,223,'S',6,'C'),(243,9,'S',6,'C'),(244,208,'S',6,'C'),(245,198,'S',6,'C'),(246,226,'S',6,'C'),(247,196,'S',6,'C'),(248,66,'S',6,'C'),(249,194,'S',6,'C'),(250,246,'S',6,'C'),(251,67,'S',6,'C'),(252,192,'S',6,'C'),(253,191,'S',6,'C'),(254,25,'S',6,'C'),(255,2,'S',6,'C'),(256,297,'S',6,'C'),(257,244,'S',6,'C'),(470,500,'S',6,'C'),(259,294,'S',6,'C'),(260,216,'S',7,'C'),(261,231,'S',7,'C'),(262,230,'S',7,'C'),(263,229,'S',7,'C'),(264,232,'S',7,'C'),(265,151,'S',7,'C'),(266,265,'S',7,'C'),(267,240,'S',7,'C'),(268,197,'S',7,'C'),(269,261,'S',7,'C'),(270,234,'S',7,'C'),(271,239,'S',7,'C'),(272,33,'S',7,'C'),(273,251,'S',7,'C'),(274,211,'S',7,'C'),(275,227,'S',7,'C'),(276,233,'S',7,'C'),(277,124,'S',8,'C'),(278,125,'S',8,'C'),(279,122,'S',8,'C'),(280,121,'S',8,'C'),(281,120,'S',8,'C'),(282,46,'S',8,'C'),(283,89,'S',8,'C'),(284,360,'S',8,'C'),(285,62,'S',8,'C'),(286,10,'S',8,'C'),(287,69,'S',8,'C'),(288,70,'S',8,'C'),(289,71,'S',8,'C'),(290,72,'S',8,'C'),(291,80,'S',8,'C'),(292,300,'S',8,'C'),(293,84,'S',8,'C'),(294,81,'S',8,'C'),(295,86,'S',8,'C'),(296,119,'S',8,'C'),(297,95,'S',8,'C'),(298,96,'S',8,'C'),(299,97,'S',8,'C'),(300,99,'S',8,'C'),(301,320,'S',8,'C'),(302,21,'S',8,'C'),(303,108,'S',8,'C'),(304,109,'S',8,'C'),(305,110,'S',8,'C'),(306,114,'S',8,'C'),(307,314,'S',8,'C'),(308,85,'S',8,'C'),(309,200,'S',8,'C'),(310,199,'S',8,'C'),(311,156,'S',8,'C'),(312,158,'S',8,'C'),(313,252,'S',8,'C'),(314,189,'S',8,'C'),(315,253,'S',8,'C'),(316,242,'S',8,'C'),(317,155,'S',8,'C'),(318,163,'S',8,'C'),(319,137,'S',8,'C'),(320,275,'S',8,'C'),(321,37,'S',8,'C'),(322,23,'S',8,'C'),(323,39,'S',8,'C'),(324,269,'S',8,'C'),(325,260,'S',8,'C'),(326,148,'S',8,'C'),(327,207,'S',8,'C'),(328,299,'S',8,'C'),(329,259,'S',8,'C'),(330,43,'S',8,'C'),(331,144,'S',8,'C'),(332,222,'S',8,'C'),(333,221,'S',8,'C'),(334,149,'S',8,'C'),(335,157,'S',8,'C'),(336,295,'S',10,'C'),(337,173,'S',10,'C'),(338,373,'S',10,'C'),(339,92,'S',10,'C'),(340,27,'S',10,'C'),(341,321,'S',10,'C'),(342,181,'S',11,'C'),(343,179,'S',11,'C'),(344,193,'S',11,'C'),(345,31,'S',11,'C'),(346,263,'S',11,'C'),(347,92,'S',11,'C'),(348,115,'S',11,'C'),(349,224,'S',11,'C'),(350,306,'S',11,'C'),(351,288,'S',11,'C'),(352,212,'S',11,'C'),(353,210,'S',11,'C'),(354,166,'S',11,'C'),(355,160,'S',11,'C'),(356,281,'S',11,'C'),(357,161,'S',11,'C'),(358,165,'S',11,'C'),(359,106,'S',11,'C'),(360,286,'S',11,'C'),(361,203,'S',12,'C'),(362,201,'S',12,'C'),(363,13,'S',12,'C'),(364,209,'S',12,'C'),(365,337,'S',12,'C'),(366,5,'S',12,'C'),(367,195,'S',12,'C'),(368,19,'S',12,'C'),(369,368,'S',12,'C'),(370,254,'S',12,'C'),(371,12,'S',12,'C'),(372,237,'S',12,'C'),(373,107,'S',12,'C'),(374,41,'S',12,'C'),(375,22,'S',12,'C'),(376,308,'S',12,'C'),(377,145,'S',12,'C'),(378,310,'S',12,'C'),(379,150,'S',12,'C'),(380,159,'S',12,'C'),(381,116,'S',12,'C'),(382,287,'S',12,'C'),(383,324,'S',12,'C'),(384,111,'S',12,'C'),(385,258,'S',12,'C'),(386,277,'S',12,'C'),(387,98,'S',12,'C'),(388,272,'S',12,'C'),(389,270,'S',12,'C'),(390,146,'S',12,'C'),(391,90,'S',12,'C'),(392,34,'S',12,'C'),(393,88,'S',12,'C'),(394,87,'S',12,'C'),(395,83,'S',12,'C'),(396,259,'S',12,'C'),(397,112,'S',12,'C'),(398,29,'S',13,'C'),(399,45,'S',13,'C'),(400,44,'S',13,'C'),(401,349,'S',13,'C'),(402,279,'S',13,'C'),(403,290,'S',13,'C'),(404,319,'S',13,'C'),(405,339,'S',13,'C'),(406,341,'S',13,'C'),(407,343,'S',13,'C'),(408,344,'S',13,'C'),(409,345,'S',13,'C'),(410,346,'S',13,'C'),(485,187,'S',15,'C'),(412,348,'S',13,'C'),(413,189,'S',13,'C'),(414,350,'S',13,'C'),(415,351,'S',13,'C'),(416,352,'S',13,'C'),(417,354,'S',13,'C'),(418,357,'S',13,'C'),(419,358,'S',13,'C'),(420,359,'S',13,'C'),(421,373,'S',13,'C'),(422,374,'S',13,'C'),(423,375,'S',13,'C'),(424,347,'S',13,'C'),(425,171,'S',13,'C'),(426,130,'S',13,'C'),(427,132,'S',13,'C'),(428,133,'S',13,'C'),(429,134,'S',13,'C'),(430,135,'S',13,'C'),(431,139,'S',13,'C'),(432,140,'S',13,'C'),(433,141,'S',13,'C'),(460,142,'S',13,'C'),(435,168,'S',13,'C'),(436,278,'S',13,'C'),(488,170,'S',3,'C'),(438,190,'S',13,'C'),(439,173,'S',13,'C'),(440,174,'S',13,'C'),(441,176,'S',13,'C'),(442,177,'S',13,'C'),(443,178,'S',13,'C'),(444,180,'S',13,'C'),(445,183,'S',13,'C'),(446,186,'S',13,'C'),(447,188,'S',13,'C'),(448,60,'S',13,'C'),(449,169,'S',13,'C'),(450,14,'C',1,'C'),(451,15,'C',1,'C'),(454,22,'C',1,'C'),(453,21,'C',1,'C'),(455,23,'C',1,'C'),(456,24,'C',1,'C'),(459,18,'C',1,'C'),(458,19,'C',1,'C'),(482,499,'S',21,'C'),(469,500,'S',245,'S'),(468,245,'S',6,'C'),(487,501,'S',6,'C'),(486,501,'S',76,'S'),(480,502,'S',21,'C'),(481,499,'S',502,'S');
UNLOCK TABLES;

#
# Table structure for table 'T_SOURCE_TYPE'
#

DROP TABLE IF EXISTS T_SOURCE_TYPE;
CREATE TABLE T_SOURCE_TYPE (
  PK_TYPE_ID int(10) unsigned NOT NULL auto_increment,
  TYPE varchar(255) NOT NULL default '',
  NEW tinyint(3) unsigned NOT NULL default '1',
  PRIMARY KEY  (PK_TYPE_ID),
  KEY TYPE (TYPE)
) TYPE=ISAM PACK_KEYS=1;

#
# Dumping data for table 'T_SOURCE_TYPE'
#

LOCK TABLES T_SOURCE_TYPE WRITE;
INSERT INTO T_SOURCE_TYPE VALUES (15,'Agreement',1),(16,'Convention',1),(17,'Decision',1),(18,'Declaration',1),(19,'Directive',1),(20,'Proposal',1),(21,'Protocol',1),(22,'Regulation',1),(23,'Resolution',1),(24,'EU legislation',1);
UNLOCK TABLES;

#
# Table structure for table 'T_SPATIAL'
#

DROP TABLE IF EXISTS T_SPATIAL;
CREATE TABLE T_SPATIAL (
  PK_SPATIAL_ID int(11) NOT NULL auto_increment,
  SPATIAL_NAME varchar(100) NOT NULL default '',
  SPATIAL_TYPE char(1) NOT NULL default '',
  FK_DD_GUID int(11) default NULL,
  DD_URL varchar(255) default NULL,
  PRIMARY KEY  (PK_SPATIAL_ID),
  KEY PK_SPATIAL_ID (PK_SPATIAL_ID),
  KEY SPATIAL_TYPE (SPATIAL_TYPE)
) TYPE=MyISAM COMMENT='SpatialCoverage';

#
# Dumping data for table 'T_SPATIAL'
#

LOCK TABLES T_SPATIAL WRITE;
INSERT INTO T_SPATIAL VALUES (1,'EU, European Union','C',NULL,NULL),(2,'Albania','C',NULL,NULL),(3,'Austria','C',NULL,NULL),(4,'Belarus','C',NULL,NULL),(5,'Belgium','C',NULL,NULL),(6,'Bosnia-Herzegovina','C',NULL,NULL),(7,'Bulgaria','C',NULL,NULL),(8,'Croatia','C',NULL,NULL),(9,'Cyprus','C',NULL,NULL),(10,'Czech Republic','C',NULL,NULL),(11,'Denmark','C',NULL,NULL),(12,'Estonia','C',NULL,NULL),(13,'Finland','C',NULL,NULL),(14,'France','C',NULL,NULL),(15,'Germany','C',NULL,NULL),(16,'Greece','C',NULL,NULL),(17,'Hungary','C',NULL,NULL),(18,'Iceland','C',NULL,NULL),(19,'Italy','C',NULL,NULL),(20,'Ireland','C',NULL,NULL),(21,'Latvia','C',NULL,NULL),(22,'Lithuania','C',NULL,NULL),(23,'Luxembourg','C',NULL,NULL),(24,'Former YR Macedonia','C',NULL,NULL),(25,'Malta','C',NULL,NULL),(26,'Moldova','C',NULL,NULL),(27,'the Netherlands','C',NULL,NULL),(28,'Norway','C',NULL,NULL),(29,'Poland','C',NULL,NULL),(30,'Portugal','C',NULL,NULL),(31,'Romania','C',NULL,NULL),(32,'Russian Federation','C',NULL,NULL),(33,'Slovakia','C',NULL,NULL),(34,'Slovenia','C',NULL,NULL),(35,'Spain','C',NULL,NULL),(36,'Sweden','C',NULL,NULL),(37,'Switzerland','C',NULL,NULL),(38,'Turkey','C',NULL,NULL),(39,'Ukraine','C',NULL,NULL),(40,'United Kingdom','C',NULL,NULL),(41,'Yugoslavia','C',NULL,NULL),(42,'Danube','R',NULL,NULL),(43,'Dnepr','R',NULL,NULL),(44,'Dnestr','R',NULL,NULL),(45,'Don','R',NULL,NULL),(46,'Douro','R',NULL,NULL),(47,'Ebro','R',NULL,NULL),(48,'Elbe','R',NULL,NULL),(49,'Garonne','R',NULL,NULL),(50,'Guadalquivir','R',NULL,NULL),(51,'Guadiana','R',NULL,NULL),(52,'Kemijoki','R',NULL,NULL),(53,'Kuban','R',NULL,NULL),(54,'Kura','R',NULL,NULL),(55,'Loire','R',NULL,NULL),(56,'Neman','R',NULL,NULL),(57,'Neva','R',NULL,NULL),(58,'Oder','R',NULL,NULL),(59,'Po','R',NULL,NULL),(60,'Rhine','R',NULL,NULL),(61,'Rhone','R',NULL,NULL),(62,'Seine','R',NULL,NULL),(63,'Tajo','R',NULL,NULL),(64,'Ural','R',NULL,NULL),(65,'Volga','R',NULL,NULL),(66,'Wisla','R',NULL,NULL),(67,'Yuzhnyy Bug','R',NULL,NULL),(68,'Zapadnaya Dvina','R',NULL,NULL),(69,'The Arctic Ocean','S',NULL,NULL),(70,'The Northeast Atlantic Ocean','S',NULL,NULL),(71,'The Baltic Sea','S',NULL,NULL),(72,'The Black Sea','S',NULL,NULL),(73,'The Caspian Sea','S',NULL,NULL),(74,'The Mediterranean Sea','S',NULL,NULL),(75,'The North Sea','S',NULL,NULL),(76,'Balaton','L',NULL,NULL),(77,'Bodensee','L',NULL,NULL),(78,'Hjälmaren','L',NULL,NULL),(79,'Inari','L',NULL,NULL),(80,'Lac Léman','L',NULL,NULL),(81,'Ladoga','L',NULL,NULL),(82,'Mälaren','L',NULL,NULL),(83,'Onega','L',NULL,NULL),(84,'Oulujärvi','L',NULL,NULL),(85,'Päijänne','L',NULL,NULL),(86,'Peipus','L',NULL,NULL),(87,'Pielinen','L',NULL,NULL),(88,'Saimaa','L',NULL,NULL),(89,'Vänern','L',NULL,NULL),(90,'Vättern','L',NULL,NULL),(91,'Djerdap','O',NULL,NULL),(92,'Ijsselmeer','O',NULL,NULL),(93,'Lokka','O',NULL,NULL),(94,'Narva','O',NULL,NULL),(95,'Porttipahta','O',NULL,NULL),(96,'Andorra','C',NULL,NULL),(97,'Armenia','C',NULL,NULL),(98,'Azerbaijan','C',NULL,NULL),(99,'Georgia','C',NULL,NULL),(100,'Kazakhstan','C',NULL,NULL),(101,'Kyrgyzstan','C',NULL,NULL),(102,'Liechtenstein','C',NULL,NULL),(103,'Monaco','C',NULL,NULL),(104,'San Marino','C',NULL,NULL),(105,'Tajikistan','C',NULL,NULL),(106,'Turkmenistan','C',NULL,NULL),(107,'Uzbekistan','C',NULL,NULL),(108,'Göta älv','R',NULL,NULL);
UNLOCK TABLES;

#
# Table structure for table 'T_SPATIAL_LNK'
#

DROP TABLE IF EXISTS T_SPATIAL_LNK;
CREATE TABLE T_SPATIAL_LNK (
  PK_SPATIAL_LNK_ID int(11) NOT NULL auto_increment,
  FK_SPATIAL_ID int(11) NOT NULL default '0',
  FK_RO_ID int(11) NOT NULL default '0',
  PRIMARY KEY  (PK_SPATIAL_LNK_ID),
  KEY FK_SPATIAL_ID (FK_SPATIAL_ID),
  KEY FK_RO_ID (FK_RO_ID)
) TYPE=MyISAM COMMENT='Links spatial coverage and reporting obligation elements';

#
# Dumping data for table 'T_SPATIAL_LNK'
#

LOCK TABLES T_SPATIAL_LNK WRITE;
INSERT INTO T_SPATIAL_LNK VALUES (2267,40,1),(2266,38,1),(2265,37,1),(2264,36,1),(2263,35,1),(2262,30,1),(2261,29,1),(2260,28,1),(2259,23,1),(2258,19,1),(2257,20,1),(2256,18,1),(2255,17,1),(2254,16,1),(2253,15,1),(2252,14,1),(2251,13,1),(2250,11,1),(2249,10,1),(2248,5,1),(2247,3,1),(2246,40,2),(2245,37,2),(2244,36,2),(2243,35,2),(2242,34,2),(2241,33,2),(2240,31,2),(2239,30,2),(2238,29,2),(2237,28,2),(2236,23,2),(2235,22,2),(2234,21,2),(2233,19,2),(2232,20,2),(2231,17,2),(2230,16,2),(2229,15,2),(2228,14,2),(2227,13,2),(2226,12,2),(2225,11,2),(2224,10,2),(2223,8,2),(2222,7,2),(2221,5,2),(2220,3,2),(2219,2,2),(2308,40,3),(2307,37,3),(2306,36,3),(2305,35,3),(2304,30,3),(2303,28,3),(2302,23,3),(2301,18,3),(2300,15,3),(2299,14,3),(2298,13,3),(2297,11,3),(2296,5,3),(63,5,4),(64,11,4),(65,13,4),(66,14,4),(67,15,4),(68,18,4),(69,23,4),(70,28,4),(71,30,4),(72,35,4),(73,36,4),(74,37,4),(75,40,4),(76,5,5),(77,11,5),(78,13,5),(79,14,5),(80,15,5),(81,18,5),(82,23,5),(83,28,5),(84,30,5),(85,35,5),(86,36,5),(87,37,5),(88,40,5),(89,5,6),(90,11,6),(91,13,6),(92,14,6),(93,15,6),(94,18,6),(95,23,6),(96,28,6),(97,30,6),(98,35,6),(99,36,6),(100,37,6),(101,40,6),(102,5,7),(103,11,7),(104,13,7),(105,14,7),(106,15,7),(107,18,7),(108,23,7),(109,28,7),(110,30,7),(111,35,7),(112,36,7),(113,37,7),(114,40,7),(115,5,8),(116,11,8),(117,13,8),(118,14,8),(119,15,8),(120,18,8),(121,23,8),(122,28,8),(123,30,8),(124,35,8),(125,36,8),(126,37,8),(127,40,8),(128,5,9),(129,11,9),(130,13,9),(131,14,9),(132,15,9),(133,18,9),(134,23,9),(135,28,9),(136,30,9),(137,35,9),(138,36,9),(139,37,9),(140,40,9),(141,5,10),(142,11,10),(143,13,10),(144,14,10),(145,15,10),(146,18,10),(147,23,10),(148,28,10),(149,30,10),(150,35,10),(151,36,10),(152,37,10),(153,40,10),(154,5,11),(155,11,11),(156,13,11),(157,14,11),(158,15,11),(159,18,11),(160,23,11),(161,28,11),(162,30,11),(163,35,11),(164,36,11),(165,37,11),(166,40,11),(167,5,12),(168,11,12),(169,13,12),(170,14,12),(171,15,12),(172,18,12),(173,23,12),(174,28,12),(175,30,12),(176,35,12),(177,36,12),(178,37,12),(179,40,12),(180,3,13),(181,5,13),(182,11,13),(183,13,13),(184,14,13),(185,15,13),(186,16,13),(187,19,13),(188,20,13),(189,23,13),(190,30,13),(191,35,13),(192,36,13),(193,40,13),(194,5,14),(195,11,14),(196,13,14),(197,14,14),(198,15,14),(199,18,14),(200,23,14),(201,28,14),(202,30,14),(203,35,14),(204,36,14),(205,37,14),(206,40,14),(207,5,15),(208,11,15),(209,13,15),(210,14,15),(211,15,15),(212,18,15),(213,23,15),(214,28,15),(215,30,15),(216,35,15),(217,36,15),(218,37,15),(219,40,15),(220,5,16),(221,11,16),(222,13,16),(223,14,16),(224,15,16),(225,18,16),(226,23,16),(227,28,16),(228,30,16),(229,35,16),(230,36,16),(231,37,16),(232,40,16),(233,5,17),(234,11,17),(235,13,17),(236,14,17),(237,15,17),(238,18,17),(239,23,17),(240,28,17),(241,30,17),(242,35,17),(243,36,17),(244,37,17),(245,40,17),(2218,40,18),(2217,37,18),(2216,36,18),(2215,35,18),(2214,30,18),(2213,28,18),(2212,23,18),(2211,18,18),(2210,15,18),(2209,14,18),(2208,13,18),(2207,11,18),(2206,5,18),(259,5,19),(260,11,19),(261,13,19),(262,14,19),(263,15,19),(264,18,19),(265,23,19),(266,28,19),(267,30,19),(268,35,19),(269,36,19),(270,37,19),(271,40,19),(272,5,20),(273,11,20),(274,13,20),(275,14,20),(276,15,20),(277,18,20),(278,23,20),(279,28,20),(280,30,20),(281,35,20),(282,36,20),(283,37,20),(284,40,20),(285,5,21),(286,11,21),(287,13,21),(288,14,21),(289,15,21),(290,18,21),(291,23,21),(292,28,21),(293,30,21),(294,35,21),(295,36,21),(296,37,21),(297,40,21),(298,5,22),(299,11,22),(300,13,22),(301,14,22),(302,15,22),(303,18,22),(304,23,22),(305,28,22),(306,30,22),(307,35,22),(308,36,22),(309,37,22),(310,40,22),(311,5,23),(312,11,23),(313,13,23),(314,14,23),(315,15,23),(316,18,23),(317,23,23),(318,28,23),(319,30,23),(320,35,23),(321,36,23),(322,37,23),(323,40,23),(324,5,24),(325,5,25),(326,11,25),(327,13,25),(328,14,25),(329,15,25),(330,18,25),(331,23,25),(332,28,25),(333,30,25),(334,35,25),(335,36,25),(336,37,25),(337,40,25),(338,5,26),(339,11,26),(340,13,26),(341,14,26),(342,15,26),(343,18,26),(344,23,26),(345,28,26),(346,30,26),(347,35,26),(348,36,26),(349,37,26),(350,40,26),(351,5,27),(352,11,27),(353,13,27),(354,14,27),(355,15,27),(356,18,27),(357,23,27),(358,28,27),(359,30,27),(360,35,27),(361,36,27),(362,37,27),(363,40,27),(364,5,28),(365,11,28),(366,13,28),(367,14,28),(368,15,28),(369,18,28),(370,23,28),(371,28,28),(372,30,28),(373,35,28),(374,36,28),(375,37,28),(376,40,28),(377,5,29),(378,11,29),(379,13,29),(380,14,29),(381,15,29),(382,18,29),(383,23,29),(384,28,29),(385,30,29),(386,35,29),(387,36,29),(388,37,29),(389,40,29),(390,5,30),(391,11,30),(392,13,30),(393,14,30),(394,15,30),(395,18,30),(396,23,30),(397,28,30),(398,30,30),(399,35,30),(400,36,30),(401,37,30),(402,40,30),(403,5,31),(404,11,31),(405,13,31),(406,14,31),(407,15,31),(408,18,31),(409,23,31),(410,28,31),(411,30,31),(412,35,31),(413,36,31),(414,37,31),(415,40,31),(416,5,32),(417,11,32),(418,13,32),(419,14,32),(420,15,32),(421,18,32),(422,23,32),(423,28,32),(424,30,32),(425,35,32),(426,36,32),(427,37,32),(428,40,32),(429,5,33),(430,11,33),(431,13,33),(432,14,33),(433,15,33),(434,18,33),(435,23,33),(436,28,33),(437,30,33),(438,35,33),(439,36,33),(440,37,33),(441,40,33),(442,5,34),(443,11,34),(444,13,34),(445,14,34),(446,15,34),(447,18,34),(448,23,34),(449,28,34),(450,30,34),(451,35,34),(452,36,34),(453,37,34),(454,40,34),(455,3,35),(456,4,35),(457,5,35),(458,7,35),(459,8,35),(460,9,35),(461,10,35),(462,11,35),(463,12,35),(464,13,35),(465,14,35),(466,15,35),(467,16,35),(468,17,35),(469,18,35),(470,19,35),(471,20,35),(472,21,35),(473,22,35),(474,23,35),(475,25,35),(476,28,35),(477,29,35),(478,30,35),(479,31,35),(480,33,35),(481,34,35),(482,35,35),(483,36,35),(484,37,35),(485,38,35),(486,39,35),(487,40,35),(488,41,35),(489,5,36),(490,11,36),(491,13,36),(492,14,36),(493,15,36),(494,18,36),(495,23,36),(496,28,36),(497,30,36),(498,35,36),(499,36,36),(500,37,36),(501,40,36),(502,5,37),(503,11,37),(504,13,37),(505,14,37),(506,15,37),(507,18,37),(508,23,37),(509,28,37),(510,30,37),(511,35,37),(512,36,37),(513,37,37),(514,40,37),(515,5,38),(516,11,38),(517,13,38),(518,14,38),(519,15,38),(520,18,38),(521,23,38),(522,28,38),(523,30,38),(524,35,38),(525,36,38),(526,37,38),(527,40,38),(528,5,39),(529,11,39),(530,13,39),(531,14,39),(532,15,39),(533,18,39),(534,23,39),(535,28,39),(536,30,39),(537,35,39),(538,36,39),(539,37,39),(540,40,39),(541,5,40),(542,11,40),(543,13,40),(544,14,40),(545,15,40),(546,18,40),(547,23,40),(548,28,40),(549,30,40),(550,35,40),(551,36,40),(552,37,40),(553,40,40),(554,5,41),(555,11,41),(556,13,41),(557,14,41),(558,15,41),(559,18,41),(560,23,41),(561,28,41),(562,30,41),(563,35,41),(564,36,41),(565,37,41),(566,40,41),(567,5,42),(568,11,42),(569,13,42),(570,14,42),(571,15,42),(572,18,42),(573,23,42),(574,28,42),(575,30,42),(576,35,42),(577,36,42),(578,37,42),(579,40,42),(580,5,43),(581,11,43),(582,13,43),(583,14,43),(584,15,43),(585,18,43),(586,23,43),(587,28,43),(588,30,43),(589,35,43),(590,36,43),(591,37,43),(592,40,43),(593,5,44),(594,11,44),(595,13,44),(596,14,44),(597,15,44),(598,18,44),(599,23,44),(600,28,44),(601,30,44),(602,35,44),(603,36,44),(604,37,44),(605,40,44),(606,5,45),(607,11,45),(608,13,45),(609,14,45),(610,15,45),(611,18,45),(612,23,45),(613,28,45),(614,30,45),(615,35,45),(616,36,45),(617,37,45),(618,40,45),(619,3,46),(620,5,46),(621,11,46),(622,13,46),(623,14,46),(624,15,46),(625,16,46),(626,19,46),(627,20,46),(628,23,46),(629,30,46),(630,35,46),(631,36,46),(632,40,46),(633,5,47),(634,11,47),(635,13,47),(636,14,47),(637,15,47),(638,18,47),(639,23,47),(640,28,47),(641,30,47),(642,35,47),(643,36,47),(644,37,47),(645,40,47),(646,5,48),(647,11,48),(648,13,48),(649,14,48),(650,15,48),(651,18,48),(652,23,48),(653,28,48),(654,30,48),(655,35,48),(656,36,48),(657,37,48),(658,40,48),(659,5,49),(660,11,49),(661,13,49),(662,14,49),(663,15,49),(664,18,49),(665,23,49),(666,28,49),(667,30,49),(668,35,49),(669,36,49),(670,37,49),(671,40,49),(672,5,50),(673,11,50),(674,13,50),(675,14,50),(676,15,50),(677,18,50),(678,23,50),(679,28,50),(680,30,50),(681,35,50),(682,36,50),(683,37,50),(684,40,50),(685,5,51),(686,11,51),(687,13,51),(688,14,51),(689,15,51),(690,18,51),(691,23,51),(692,28,51),(693,30,51),(694,35,51),(695,36,51),(696,37,51),(697,40,51),(698,5,52),(699,11,52),(700,13,52),(701,14,52),(702,15,52),(703,18,52),(704,23,52),(705,28,52),(706,30,52),(707,35,52),(708,36,52),(709,37,52),(710,40,52),(711,5,53),(712,11,53),(713,13,53),(714,14,53),(715,15,53),(716,18,53),(717,23,53),(718,28,53),(719,30,53),(720,35,53),(721,36,53),(722,37,53),(723,40,53),(724,5,54),(725,11,54),(726,13,54),(727,14,54),(728,15,54),(729,18,54),(730,23,54),(731,28,54),(732,30,54),(733,35,54),(734,36,54),(735,37,54),(736,40,54),(737,5,55),(738,11,55),(739,13,55),(740,14,55),(741,15,55),(742,18,55),(743,23,55),(744,28,55),(745,30,55),(746,35,55),(747,36,55),(748,37,55),(749,40,55),(750,5,56),(751,11,56),(752,13,56),(753,14,56),(754,15,56),(755,18,56),(756,23,56),(757,28,56),(758,30,56),(759,35,56),(760,36,56),(761,37,56),(762,40,56),(763,3,57),(764,5,57),(765,11,57),(766,13,57),(767,14,57),(768,15,57),(769,16,57),(770,19,57),(771,20,57),(772,23,57),(773,30,57),(774,35,57),(775,36,57),(776,40,57),(777,5,58),(778,11,58),(779,13,58),(780,14,58),(781,15,58),(782,18,58),(783,23,58),(784,28,58),(785,30,58),(786,35,58),(787,36,58),(788,37,58),(789,40,58),(790,5,59),(791,11,59),(792,13,59),(793,14,59),(794,15,59),(795,18,59),(796,23,59),(797,28,59),(798,30,59),(799,35,59),(800,36,59),(801,37,59),(802,40,59),(803,5,60),(804,11,60),(805,13,60),(806,14,60),(807,15,60),(808,18,60),(809,23,60),(810,28,60),(811,30,60),(812,35,60),(813,36,60),(814,37,60),(815,40,60),(816,5,61),(817,11,61),(818,13,61),(819,14,61),(820,15,61),(821,18,61),(822,23,61),(823,28,61),(824,30,61),(825,35,61),(826,36,61),(827,37,61),(828,40,61),(829,5,62),(830,11,62),(831,13,62),(832,14,62),(833,15,62),(834,18,62),(835,23,62),(836,28,62),(837,30,62),(838,35,62),(839,36,62),(840,37,62),(841,40,62),(842,5,63),(843,11,63),(844,13,63),(845,14,63),(846,15,63),(847,18,63),(848,23,63),(849,28,63),(850,30,63),(851,35,63),(852,36,63),(853,37,63),(854,40,63),(855,5,64),(856,11,64),(857,13,64),(858,14,64),(859,15,64),(860,18,64),(861,23,64),(862,28,64),(863,30,64),(864,35,64),(865,36,64),(866,37,64),(867,40,64),(868,5,65),(869,11,65),(870,13,65),(871,14,65),(872,15,65),(873,18,65),(874,23,65),(875,28,65),(876,30,65),(877,35,65),(878,36,65),(879,37,65),(880,40,65),(881,5,66),(882,11,66),(883,13,66),(884,14,66),(885,15,66),(886,18,66),(887,23,66),(888,28,66),(889,30,66),(890,35,66),(891,36,66),(892,37,66),(893,40,66),(894,5,67),(895,11,67),(896,13,67),(897,14,67),(898,15,67),(899,18,67),(900,23,67),(901,28,67),(902,30,67),(903,35,67),(904,36,67),(905,37,67),(906,40,67),(907,3,68),(908,5,68),(909,11,68),(910,13,68),(911,14,68),(912,15,68),(913,16,68),(914,19,68),(915,20,68),(916,23,68),(917,30,68),(918,35,68),(919,36,68),(920,40,68),(921,5,69),(922,11,69),(923,13,69),(924,14,69),(925,15,69),(926,18,69),(927,23,69),(928,28,69),(929,30,69),(930,35,69),(931,36,69),(932,37,69),(933,40,69),(934,5,70),(935,11,70),(936,13,70),(937,14,70),(938,15,70),(939,18,70),(940,23,70),(941,28,70),(942,30,70),(943,35,70),(944,36,70),(945,37,70),(946,40,70),(947,5,71),(948,11,71),(949,13,71),(950,14,71),(951,15,71),(952,18,71),(953,23,71),(954,28,71),(955,30,71),(956,35,71),(957,36,71),(958,37,71),(959,40,71),(960,5,72),(961,11,72),(962,13,72),(963,14,72),(964,15,72),(965,18,72),(966,23,72),(967,28,72),(968,30,72),(969,35,72),(970,36,72),(971,37,72),(972,40,72),(973,5,73),(974,11,73),(975,13,73),(976,14,73),(977,15,73),(978,18,73),(979,23,73),(980,28,73),(981,30,73),(982,35,73),(983,36,73),(984,37,73),(985,40,73),(986,5,74),(987,11,74),(988,13,74),(989,14,74),(990,15,74),(991,18,74),(992,23,74),(993,28,74),(994,30,74),(995,35,74),(996,36,74),(997,37,74),(998,40,74),(999,5,75),(1000,11,75),(1001,13,75),(1002,14,75),(1003,15,75),(1004,18,75),(1005,23,75),(1006,28,75),(1007,30,75),(1008,35,75),(1009,36,75),(1010,37,75),(1011,40,75),(1012,5,76),(1013,11,76),(1014,13,76),(1015,14,76),(1016,15,76),(1017,18,76),(1018,23,76),(1019,28,76),(1020,30,76),(1021,35,76),(1022,36,76),(1023,37,76),(1024,40,76),(1025,5,77),(1026,11,77),(1027,13,77),(1028,14,77),(1029,15,77),(1030,18,77),(1031,23,77),(1032,28,77),(1033,30,77),(1034,35,77),(1035,36,77),(1036,37,77),(1037,40,77),(1038,5,78),(1039,11,78),(1040,13,78),(1041,14,78),(1042,15,78),(1043,18,78),(1044,23,78),(1045,28,78),(1046,30,78),(1047,35,78),(1048,36,78),(1049,37,78),(1050,40,78),(1051,3,79),(1052,5,79),(1053,11,79),(1054,13,79),(1055,14,79),(1056,15,79),(1057,16,79),(1058,19,79),(1059,20,79),(1060,23,79),(1061,30,79),(1062,35,79),(1063,36,79),(1064,40,79),(1065,5,80),(1066,11,80),(1067,13,80),(1068,14,80),(1069,15,80),(1070,18,80),(1071,23,80),(1072,28,80),(1073,30,80),(1074,35,80),(1075,36,80),(1076,37,80),(1077,40,80),(1078,5,81),(1079,11,81),(1080,13,81),(1081,14,81),(1082,15,81),(1083,18,81),(1084,23,81),(1085,28,81),(1086,30,81),(1087,35,81),(1088,36,81),(1089,37,81),(1090,40,81),(1091,5,82),(1092,11,82),(1093,13,82),(1094,14,82),(1095,15,82),(1096,18,82),(1097,23,82),(1098,28,82),(1099,30,82),(1100,35,82),(1101,36,82),(1102,37,82),(1103,40,82),(1104,5,83),(1105,11,83),(1106,13,83),(1107,14,83),(1108,15,83),(1109,18,83),(1110,23,83),(1111,28,83),(1112,30,83),(1113,35,83),(1114,36,83),(1115,37,83),(1116,40,83),(1117,5,84),(1118,11,84),(1119,13,84),(1120,14,84),(1121,15,84),(1122,18,84),(1123,23,84),(1124,28,84),(1125,30,84),(1126,35,84),(1127,36,84),(1128,37,84),(1129,40,84),(1130,5,85),(1131,11,85),(1132,13,85),(1133,14,85),(1134,15,85),(1135,18,85),(1136,23,85),(1137,28,85),(1138,30,85),(1139,35,85),(1140,36,85),(1141,37,85),(1142,40,85),(1143,5,86),(1144,11,86),(1145,13,86),(1146,14,86),(1147,15,86),(1148,18,86),(1149,23,86),(1150,28,86),(1151,30,86),(1152,35,86),(1153,36,86),(1154,37,86),(1155,40,86),(1156,5,87),(1157,11,87),(1158,13,87),(1159,14,87),(1160,15,87),(1161,18,87),(1162,23,87),(1163,28,87),(1164,30,87),(1165,35,87),(1166,36,87),(1167,37,87),(1168,40,87),(1169,5,88),(1170,11,88),(1171,13,88),(1172,14,88),(1173,15,88),(1174,18,88),(1175,23,88),(1176,28,88),(1177,30,88),(1178,35,88),(1179,36,88),(1180,37,88),(1181,40,88),(1182,5,89),(1183,11,89),(1184,13,89),(1185,14,89),(1186,15,89),(1187,18,89),(1188,23,89),(1189,28,89),(1190,30,89),(1191,35,89),(1192,36,89),(1193,37,89),(1194,40,89),(1195,3,90),(1196,5,90),(1197,11,90),(1198,13,90),(1199,14,90),(1200,15,90),(1201,16,90),(1202,19,90),(1203,20,90),(1204,23,90),(1205,30,90),(1206,35,90),(1207,36,90),(1208,40,90),(1209,5,91),(1210,11,91),(1211,13,91),(1212,14,91),(1213,15,91),(1214,18,91),(1215,23,91),(1216,28,91),(1217,30,91),(1218,35,91),(1219,36,91),(1220,37,91),(1221,40,91),(1222,3,92),(1223,5,92),(1224,11,92),(1225,13,92),(1226,14,92),(1227,15,92),(1228,16,92),(1229,19,92),(1230,20,92),(1231,23,92),(1232,30,92),(1233,35,92),(1234,36,92),(1235,40,92),(1236,3,93),(1237,5,93),(1238,10,93),(1239,11,93),(1240,13,93),(1241,14,93),(1242,15,93),(1243,16,93),(1244,17,93),(1245,18,93),(1246,19,93),(1247,20,93),(1248,23,93),(1249,28,93),(1250,29,93),(1251,30,93),(1252,35,93),(1253,36,93),(1254,37,93),(1255,38,93),(1256,40,93),(1257,3,94),(1258,5,94),(1259,11,94),(1260,13,94),(1261,14,94),(1262,15,94),(1263,16,94),(1264,19,94),(1265,20,94),(1266,23,94),(1267,30,94),(1268,35,94),(1269,36,94),(1270,40,94),(1271,3,95),(1272,5,95),(1273,11,95),(1274,13,95),(1275,14,95),(1276,15,95),(1277,16,95),(1278,19,95),(1279,20,95),(1280,23,95),(1281,30,95),(1282,35,95),(1283,36,95),(1284,40,95),(2606,40,96),(2605,36,96),(2604,35,96),(2603,30,96),(2602,23,96),(2601,19,96),(2600,20,96),(2599,16,96),(2598,15,96),(2597,14,96),(2596,13,96),(2595,11,96),(2594,5,96),(2593,3,96),(1299,3,97),(1300,5,97),(1301,11,97),(1302,13,97),(1303,14,97),(1304,15,97),(1305,16,97),(1306,19,97),(1307,20,97),(1308,23,97),(1309,30,97),(1310,35,97),(1311,36,97),(1312,40,97),(1313,3,98),(1314,5,98),(1315,10,98),(1316,11,98),(1317,13,98),(1318,14,98),(1319,15,98),(1320,16,98),(1321,17,98),(1322,18,98),(1323,19,98),(1324,20,98),(1325,23,98),(1326,28,98),(1327,29,98),(1328,30,98),(1329,35,98),(1330,36,98),(1331,37,98),(1332,38,98),(1333,40,98),(1334,3,99),(1335,5,99),(1336,11,99),(1337,13,99),(1338,14,99),(1339,15,99),(1340,16,99),(1341,19,99),(1342,20,99),(1343,23,99),(1344,30,99),(1345,35,99),(1346,36,99),(1347,40,99),(1348,3,101),(1349,5,101),(1350,11,101),(1351,13,101),(1352,14,101),(1353,15,101),(1354,16,101),(1355,19,101),(1356,20,101),(1357,23,101),(1358,30,101),(1359,35,101),(1360,36,101),(1361,40,101),(1362,3,102),(1363,5,102),(1364,11,102),(1365,13,102),(1366,14,102),(1367,15,102),(1368,16,102),(1369,19,102),(1370,20,102),(1371,23,102),(1372,30,102),(1373,35,102),(1374,36,102),(1375,40,102),(1376,3,104),(1377,5,104),(1378,11,104),(1379,13,104),(1380,14,104),(1381,15,104),(1382,16,104),(1383,19,104),(1384,20,104),(1385,23,104),(1386,30,104),(1387,35,104),(1388,36,104),(1389,40,104),(1390,3,105),(1391,5,105),(1392,11,105),(1393,13,105),(1394,14,105),(1395,15,105),(1396,16,105),(1397,19,105),(1398,20,105),(1399,23,105),(1400,30,105),(1401,35,105),(1402,36,105),(1403,40,105),(1404,3,106),(1405,5,106),(1406,11,106),(1407,13,106),(1408,14,106),(1409,15,106),(1410,16,106),(1411,19,106),(1412,20,106),(1413,23,106),(1414,30,106),(1415,35,106),(1416,36,106),(1417,40,106),(1418,3,107),(1419,5,107),(1420,11,107),(1421,13,107),(1422,14,107),(1423,15,107),(1424,16,107),(1425,19,107),(1426,20,107),(1427,23,107),(1428,30,107),(1429,35,107),(1430,36,107),(1431,40,107),(1432,3,108),(1433,5,108),(1434,10,108),(1435,11,108),(1436,13,108),(1437,14,108),(1438,15,108),(1439,16,108),(1440,17,108),(1441,18,108),(1442,19,108),(1443,20,108),(1444,23,108),(1445,28,108),(1446,29,108),(1447,30,108),(1448,35,108),(1449,36,108),(1450,37,108),(1451,38,108),(1452,40,108),(1453,3,109),(1454,5,109),(1455,10,109),(1456,11,109),(1457,13,109),(1458,14,109),(1459,15,109),(1460,16,109),(1461,17,109),(1462,18,109),(1463,19,109),(1464,20,109),(1465,23,109),(1466,28,109),(1467,29,109),(1468,30,109),(1469,35,109),(1470,36,109),(1471,37,109),(1472,38,109),(1473,40,109),(1474,3,110),(1475,5,110),(1476,11,110),(1477,13,110),(1478,14,110),(1479,15,110),(1480,16,110),(1481,19,110),(1482,20,110),(1483,23,110),(1484,30,110),(1485,35,110),(1486,36,110),(1487,40,110),(2746,40,166),(2745,27,166),(2744,37,166),(2743,36,166),(2742,35,166),(2741,30,166),(2740,28,166),(2739,23,166),(2738,19,166),(2737,20,166),(2736,18,166),(2735,16,166),(2734,15,166),(2733,14,166),(1502,3,112),(1503,5,112),(1504,11,112),(1505,13,112),(1506,14,112),(1507,15,112),(1508,16,112),(1509,19,112),(1510,20,112),(1511,23,112),(1512,30,112),(1513,35,112),(1514,36,112),(1515,40,112),(2620,18,170),(2619,17,170),(2618,16,170),(2617,15,170),(2616,14,170),(2615,24,170),(2614,13,170),(2613,12,170),(2612,11,170),(2611,10,170),(2610,7,170),(2609,6,170),(2608,5,170),(2607,3,170),(1530,3,114),(1531,5,114),(1532,11,114),(1533,13,114),(1534,14,114),(1535,15,114),(1536,16,114),(1537,19,114),(1538,20,114),(1539,23,114),(1540,30,114),(1541,35,114),(1542,36,114),(1543,40,114),(1544,3,115),(1545,5,115),(1546,11,115),(1547,13,115),(1548,14,115),(1549,15,115),(1550,16,115),(1551,19,115),(1552,20,115),(1553,23,115),(1554,30,115),(1555,35,115),(1556,36,115),(1557,40,115),(1558,5,118),(1559,11,118),(1560,13,118),(1561,14,118),(1562,15,118),(1563,18,118),(1564,23,118),(1565,28,118),(1566,30,118),(1567,35,118),(1568,36,118),(1569,37,118),(1570,40,118),(1571,3,119),(1572,5,119),(1573,10,119),(1574,11,119),(1575,13,119),(1576,14,119),(1577,15,119),(1578,16,119),(1579,17,119),(1580,18,119),(1581,19,119),(1582,20,119),(1583,23,119),(1584,28,119),(1585,29,119),(1586,30,119),(1587,35,119),(1588,36,119),(1589,37,119),(1590,38,119),(1591,40,119),(1592,10,120),(1593,15,120),(1594,33,120),(1595,3,121),(1596,5,121),(1597,11,121),(1598,13,121),(1599,14,121),(1600,15,121),(1601,16,121),(1602,19,121),(1603,20,121),(1604,23,121),(1605,30,121),(1606,35,121),(1607,36,121),(1608,40,121),(1609,14,122),(1610,15,122),(1611,23,122),(1612,37,122),(1613,3,123),(1614,5,123),(1615,11,123),(1616,13,123),(1617,14,123),(1618,15,123),(1619,16,123),(1620,19,123),(1621,20,123),(1622,23,123),(1623,30,123),(1624,35,123),(1625,36,123),(1626,40,123),(1627,3,124),(1628,5,124),(1629,11,124),(1630,13,124),(1631,14,124),(1632,15,124),(1633,16,124),(1634,19,124),(1635,20,124),(1636,23,124),(1637,30,124),(1638,35,124),(1639,36,124),(1640,40,124),(1641,3,125),(1642,5,125),(1643,11,125),(1644,13,125),(1645,14,125),(1646,15,125),(1647,16,125),(1648,19,125),(1649,20,125),(1650,23,125),(1651,30,125),(1652,35,125),(1653,36,125),(1654,40,125),(1655,3,126),(1656,5,126),(1657,11,126),(1658,13,126),(1659,14,126),(1660,15,126),(1661,16,126),(1662,19,126),(1663,20,126),(1664,23,126),(1665,30,126),(1666,35,126),(1667,36,126),(1668,40,126),(1669,3,127),(1670,5,127),(1671,11,127),(1672,13,127),(1673,14,127),(1674,15,127),(1675,16,127),(1676,19,127),(1677,20,127),(1678,23,127),(1679,30,127),(1680,35,127),(1681,36,127),(1682,40,127),(2794,71,128),(2793,36,128),(2792,32,128),(2791,29,128),(2790,22,128),(2789,21,128),(2788,15,128),(2787,13,128),(1691,5,129),(1692,11,129),(1693,12,129),(1694,13,129),(1695,14,129),(1696,15,129),(1697,18,129),(1698,20,129),(1699,21,129),(1700,28,129),(1701,29,129),(1702,30,129),(1703,35,129),(1704,36,129),(1705,40,129),(1706,2,130),(1707,8,130),(1708,9,130),(1709,14,130),(1710,16,130),(1711,19,130),(1712,25,130),(1713,34,130),(1714,35,130),(1715,38,130),(1716,2,131),(1717,8,131),(1718,9,131),(1719,14,131),(1720,16,131),(1721,19,131),(1722,25,131),(1723,34,131),(1724,35,131),(1725,38,131),(1726,2,132),(1727,8,132),(1728,9,132),(1729,14,132),(1730,16,132),(1731,19,132),(1732,25,132),(1733,34,132),(1734,35,132),(1735,38,132),(1736,2,133),(1737,8,133),(1738,9,133),(1739,14,133),(1740,16,133),(1741,19,133),(1742,25,133),(1743,34,133),(1744,35,133),(1745,38,133),(1746,2,134),(1747,8,134),(1748,9,134),(1749,14,134),(1750,16,134),(1751,19,134),(1752,25,134),(1753,34,134),(1754,35,134),(1755,38,134),(1756,2,135),(1757,8,135),(1758,9,135),(1759,14,135),(1760,16,135),(1761,19,135),(1762,25,135),(1763,34,135),(1764,35,135),(1765,38,135),(1766,3,136),(1767,5,136),(1768,11,136),(1769,13,136),(1770,14,136),(1771,15,136),(1772,16,136),(1773,19,136),(1774,20,136),(1775,23,136),(1776,30,136),(1777,35,136),(1778,36,136),(1779,40,136),(1780,2,137),(1781,8,137),(1782,9,137),(1783,14,137),(1784,16,137),(1785,19,137),(1786,25,137),(1787,34,137),(1788,35,137),(1789,38,137),(1790,2,138),(1791,8,138),(1792,9,138),(1793,14,138),(1794,16,138),(1795,19,138),(1796,25,138),(1797,34,138),(1798,35,138),(1799,38,138),(1800,10,139),(1801,15,139),(1802,29,139),(1803,10,140),(1804,15,140),(1805,33,140),(1806,3,141),(1807,5,141),(1808,11,141),(1809,13,141),(1810,14,141),(1811,15,141),(1812,16,141),(1813,19,141),(1814,20,141),(1815,23,141),(1816,30,141),(1817,35,141),(1818,36,141),(1819,40,141),(1820,10,142),(1821,15,142),(1822,29,142),(1823,7,143),(1824,31,143),(1825,38,143),(1826,39,143),(1827,7,145),(1828,31,145),(1829,38,145),(1830,39,145),(1831,11,146),(1832,13,146),(1833,18,146),(1834,28,146),(1835,36,146),(1836,7,148),(1837,31,148),(1838,38,148),(1839,39,148),(1840,3,150),(1841,5,150),(1842,11,150),(1843,13,150),(1844,14,150),(1845,15,150),(1846,16,150),(1847,19,150),(1848,20,150),(1849,23,150),(1850,30,150),(1851,35,150),(1852,36,150),(1853,40,150),(1854,2,151),(1855,3,151),(1856,5,151),(1857,7,151),(1858,8,151),(1859,9,151),(1860,10,151),(1861,11,151),(1862,12,151),(1863,13,151),(1864,14,151),(1865,15,151),(1866,16,151),(1867,17,151),(1868,18,151),(1869,19,151),(1870,20,151),(1871,21,151),(1872,22,151),(1873,23,151),(1874,25,151),(1875,28,151),(1876,29,151),(1877,30,151),(1878,31,151),(1879,33,151),(1880,34,151),(1881,35,151),(1882,36,151),(1883,37,151),(1884,38,151),(1885,39,151),(1886,40,151),(1887,41,151),(1888,2,152),(1889,3,152),(1890,5,152),(1891,7,152),(1892,8,152),(1893,9,152),(1894,10,152),(1895,11,152),(1896,12,152),(1897,13,152),(1898,14,152),(1899,15,152),(1900,16,152),(1901,17,152),(1902,18,152),(1903,19,152),(1904,20,152),(1905,21,152),(1906,22,152),(1907,23,152),(1908,25,152),(1909,28,152),(1910,29,152),(1911,30,152),(1912,31,152),(1913,33,152),(1914,34,152),(1915,35,152),(1916,36,152),(1917,37,152),(1918,38,152),(1919,39,152),(1920,40,152),(1921,41,152),(1922,3,154),(1923,5,154),(1924,11,154),(1925,13,154),(1926,14,154),(1927,15,154),(1928,16,154),(1929,19,154),(1930,20,154),(1931,23,154),(1932,30,154),(1933,35,154),(1934,36,154),(1935,40,154),(1936,3,156),(1937,5,156),(1938,11,156),(1939,13,156),(1940,14,156),(1941,15,156),(1942,16,156),(1943,19,156),(1944,20,156),(1945,23,156),(1946,30,156),(1947,35,156),(1948,36,156),(1949,40,156),(1950,3,157),(1951,5,157),(1952,11,157),(1953,13,157),(1954,14,157),(1955,15,157),(1956,16,157),(1957,19,157),(1958,20,157),(1959,23,157),(1960,30,157),(1961,35,157),(1962,36,157),(1963,40,157),(1964,3,158),(1965,5,158),(1966,11,158),(1967,13,158),(1968,14,158),(1969,15,158),(1970,16,158),(1971,19,158),(1972,20,158),(1973,23,158),(1974,30,158),(1975,35,158),(1976,36,158),(1977,40,158),(1978,3,159),(1979,5,159),(1980,11,159),(1981,13,159),(1982,14,159),(1983,15,159),(1984,16,159),(1985,19,159),(1986,20,159),(1987,23,159),(1988,30,159),(1989,35,159),(1990,36,159),(1991,40,159),(1992,3,160),(1993,5,160),(1994,11,160),(1995,13,160),(1996,14,160),(1997,15,160),(1998,16,160),(1999,19,160),(2000,20,160),(2001,23,160),(2002,30,160),(2003,35,160),(2004,36,160),(2005,40,160),(2006,3,161),(2007,5,161),(2008,11,161),(2009,13,161),(2010,14,161),(2011,15,161),(2012,16,161),(2013,19,161),(2014,20,161),(2015,23,161),(2016,30,161),(2017,35,161),(2018,36,161),(2019,40,161),(2020,3,162),(2021,5,162),(2022,11,162),(2023,13,162),(2024,14,162),(2025,15,162),(2026,16,162),(2027,19,162),(2028,20,162),(2029,23,162),(2030,30,162),(2031,35,162),(2032,36,162),(2033,40,162),(2034,3,163),(2035,5,163),(2036,11,163),(2037,13,163),(2038,14,163),(2039,15,163),(2040,16,163),(2041,19,163),(2042,20,163),(2043,23,163),(2044,30,163),(2045,35,163),(2046,36,163),(2047,40,163),(2834,41,165),(2833,40,165),(2832,39,165),(2831,38,165),(2830,27,165),(2829,37,165),(2828,36,165),(2827,35,165),(2826,34,165),(2825,33,165),(2824,32,165),(2823,31,165),(2822,30,165),(2821,29,165),(2820,28,165),(2819,26,165),(2818,25,165),(2817,23,165),(2816,22,165),(2815,21,165),(2814,19,165),(2813,20,165),(2812,18,165),(2811,17,165),(2810,16,165),(2809,15,165),(2808,14,165),(2807,24,165),(2806,13,165),(2805,12,165),(2804,11,165),(2803,10,165),(2802,9,165),(2801,8,165),(2800,7,165),(2799,6,165),(2798,5,165),(2797,4,165),(2796,3,165),(2795,2,165),(2786,1,128),(2785,12,128),(2784,11,128),(2732,13,166),(2731,1,166),(2730,11,166),(2729,5,166),(2728,3,166),(2783,40,167),(2782,27,167),(2781,36,167),(2780,35,167),(2779,30,167),(2778,28,167),(2777,23,167),(2776,19,167),(2775,20,167),(2774,18,167),(2773,16,167),(2772,15,167),(2771,14,167),(2770,13,167),(2769,1,167),(2768,11,167),(2767,5,167),(2766,3,167),(2765,40,168),(2764,27,168),(2763,37,168),(2762,36,168),(2761,35,168),(2760,30,168),(2759,28,168),(2758,23,168),(2757,19,168),(2756,20,168),(2755,18,168),(2754,16,168),(2753,15,168),(2752,14,168),(2751,13,168),(2750,1,168),(2749,11,168),(2748,5,168),(2747,3,168),(2563,3,169),(2564,5,169),(2565,11,169),(2566,1,169),(2567,13,169),(2568,14,169),(2569,15,169),(2570,16,169),(2571,20,169),(2572,19,169),(2573,23,169),(2574,30,169),(2575,35,169),(2576,36,169),(2577,27,169),(2578,40,169),(2621,20,170),(2622,19,170),(2623,21,170),(2624,22,170),(2625,23,170),(2626,28,170),(2627,29,170),(2628,30,170),(2629,31,170),(2630,33,170),(2631,34,170),(2632,35,170),(2633,36,170),(2634,27,170),(2635,40,170),(2835,96,165),(2836,102,165),(2837,103,165),(2838,97,165),(2839,99,165);
UNLOCK TABLES;

#
# Table structure for table 'T_UNIT'
#

DROP TABLE IF EXISTS T_UNIT;
CREATE TABLE T_UNIT (
  PK_UNIT_ID int(11) unsigned NOT NULL auto_increment,
  UNIT_NAME varchar(50) NOT NULL default '',
  UNIT_HELP text,
  PRIMARY KEY  (PK_UNIT_ID)
) TYPE=MyISAM COMMENT='Parameter unit types';

#
# Dumping data for table 'T_UNIT'
#

LOCK TABLES T_UNIT WRITE;
INSERT INTO T_UNIT VALUES (1,'area/time',NULL),(2,'energy/Ctemp',NULL),(3,'energy/mass',NULL),(4,'energy/mol',NULL),(5,'energy/time',NULL),(6,'mass/volume',NULL),(7,'mass/area',NULL),(8,'mass/energy',NULL),(9,'mass/length',NULL),(10,'mass/mass',NULL),(11,'mass/mol',NULL),(12,'mass/number',NULL),(13,'mass/time',NULL),(14,'mol/mass',NULL),(15,'mol/time',NULL),(16,'mol/volume',NULL),(17,'number/area',NULL),(18,'number/time',NULL),(19,'number/volume',NULL),(20,'radioact/area',NULL),(21,'radioact/mass',NULL),(22,'radioact/volume',NULL),(23,'time/time',NULL),(24,'volume/mass',NULL),(25,'volume/mol',NULL),(26,'volume/volume',NULL);
UNLOCK TABLES;

